chemotype,n,med,best,best_cpd
4-(Thiazol-5-yl)-2-aminopyrimidine,85,6.64,8.52,CHEMBL3087448
"Pyrido[3,4-d]pyrimidine",24,6.31,8.1,"US9409907, 175"
Pyrrole-2-carboxamide-pyrimidine,22,6.68,7.8,erk000040
3-Aminopyrazole,8,7.23,8.15,CHEMBL4170479
"5,6,7,8-Tetrahydroquinazoline",7,5.48,6.57,CHEMBL4561424
"Pyrazolo[3,4-c]pyridazine",5,6.35,8.3,pyrazolopyridazine deriv. 16
7-Azaindol-3-yl-aminothiazole,3,5.4,5.82,CHEMBL4249925
Indolocarbazole,3,8.25,8.54,Staurosporine
"Pyrazolo[3,4-b]pyridine",3,7.4,7.6,CHEMBL4873710
Purine,1,8.22,8.22,NU-6102
Pyrazole-3-carboxamide,1,7.36,7.36,AT-7519
"Pyrido[2,3-d]pyrimidin-7(8H)-one",1,5.3,5.3,Ibrance
