monomerid,relation,value,unit,p_affinity,raw_value,compound_name,inchi_key,doi,year,source_id,smiles,censored,rank_rel,n_measurements,smiles_std,pKi,scaffold,chemotype
2579,=,2.9,nM,8.54,2.9,Staurosporine,HKSZLNNOFSGOKW-YQMWWAPPNA-N,10.1074/jbc.M201233200,2002,12244092,C[C@@]12[C@@H]([C@@H](C[C@@H](O1)n3c4ccccc4c5c3c6n2c7ccccc7c6c8c5C(=O)NC8)NC)OC,False,1,1,CN[C@@H]1C[C@H]2O[C@@](C)([C@@H]1OC)n1c3ccccc3c3c4c(c5c6ccccc6n2c5c31)C(=O)NC4,8.537602002101044,O=C1NCc2c1c1c3ccccc3n3c1c1c2c2ccccc2n1C1CCCC3O1,Indolocarbazole
6309,>,5000.0,nM,5.3,>5000,Ibrance,AHJRHEGDXFFMBM-UHFFFAOYSA-N,10.1021/acs.jmedchem.6b01670,2017,28156111,CC1=C(C(=O)N(c2c1cnc(n2)Nc3ccc(cn3)N4CCNCC4)C5CCCC5)C(=O)C,True,2,1,CC(=O)c1c(C)c2cnc(Nc3ccc(N4CCNCC4)cn3)nc2n(C2CCCC2)c1=O,5.301029995663981,O=c1ccc2cnc(Nc3ccc(N4CCNCC4)cn3)nc2n1C1CCCC1,"Pyrido[2,3-d]pyrimidin-7(8H)-one"
8054,=,70.0,nM,7.15,70,2-Anilino-4-(thiazol-5-yl)pyrimidine deriv. 25,OTMLAWRVLMYMDF-UHFFFAOYSA-N,10.1016/j.ejmech.2021.113244,2021,33581551,CNc1nc(C)c(s1)-c1ccnc(Nc2ccc(O)cc2)n1,False,1,1,CNc1nc(C)c(-c2ccnc(Nc3ccc(O)cc3)n2)s1,7.154901959985743,c1ccc(Nc2nccc(-c3cncs3)n2)cc1,4-(Thiazol-5-yl)-2-aminopyrimidine
8327,=,1695.0,nM,5.77,1695,pyrazolopyridazine deriv. 9,LDHIZDYQCCLGRS-UHFFFAOYSA-N,10.1016/s0960-894x(03)00135-5,2003,12699760,CN(C)CCCC(=O)Nc1n[nH]c2nnc(-c3ccccc3)cc12,False,1,1,CN(C)CCCC(=O)Nc1n[nH]c2nnc(-c3ccccc3)cc12,5.770830297460899,c1ccc(-c2cc3cn[nH]c3nn2)cc1,"Pyrazolo[3,4-c]pyridazine"
8336,=,5.0,nM,8.3,5,pyrazolopyridazine deriv. 16,AGSPQSKJPUNTNL-UHFFFAOYSA-N,10.1016/s0960-894x(03)00135-5,2003,12699760,O=C(Nc1n[nH]c2nnc(-c3cccnc3)cc12)C1CC1,False,1,1,O=C(Nc1n[nH]c2nnc(-c3cccnc3)cc12)C1CC1,8.301029995663981,O=C(Nc1n[nH]c2nnc(-c3cccnc3)cc12)C1CC1,"Pyrazolo[3,4-c]pyridazine"
8337,=,5.0,nM,8.3,5,pyrazolopyridazine deriv. 17,PBPNRBLKSDOCOP-UHFFFAOYSA-N,10.1016/s0960-894x(03)00135-5,2003,12699760,O=C(Nc1n[nH]c2nnc(-c3cccc(F)c3F)cc12)C1CCCC1,False,1,1,O=C(Nc1n[nH]c2nnc(-c3cccc(F)c3F)cc12)C1CCCC1,8.301029995663981,O=C(Nc1n[nH]c2nnc(-c3ccccc3)cc12)C1CCCC1,"Pyrazolo[3,4-c]pyridazine"
8338,=,450.0,nM,6.35,450,pyrazolopyridazine deriv. 18,XMLJBPQUTWBABY-UHFFFAOYSA-N,10.1016/s0960-894x(03)00135-5,2003,12699760,CCN1CCC(C(=O)Nc2n[nH]c3nnc(-c4cccc(F)c4F)cc23)CC1,False,1,1,CCN1CCC(C(=O)Nc2n[nH]c3nnc(-c4cccc(F)c4F)cc23)CC1,6.346787486224656,O=C(Nc1n[nH]c2nnc(-c3ccccc3)cc12)C1CCNCC1,"Pyrazolo[3,4-c]pyridazine"
8339,=,540.0,nM,6.27,540,pyrazolopyridazine deriv. 19,OGFGCRFMUGVFGM-UHFFFAOYSA-N,10.1016/s0960-894x(03)00135-5,2003,12699760,CCN1CCC(CC(=O)Nc2n[nH]c3nnc(-c4cccc(F)c4F)cc23)CC1,False,1,1,CCN1CCC(CC(=O)Nc2n[nH]c3nnc(-c4cccc(F)c4F)cc23)CC1,6.267606240177031,O=C(CC1CCNCC1)Nc1n[nH]c2nnc(-c3ccccc3)cc12,"Pyrazolo[3,4-c]pyridazine"
17054,=,30.0,nM,7.52,30,UCN-01,PBCZSGKMGDDXIJ-HAQXCTHLNA-N,10.1074/jbc.M201233200,2002,12244092,CN[C@@H]1C[C@H]2O[C@@](C)([C@@H]1OC)n1c3ccccc3c3c4c(c5c6ccccc6n2c5c31)C(=O)N[C@@H]4O,False,1,1,CN[C@@H]1C[C@H]2O[C@@](C)([C@@H]1OC)n1c3ccccc3c3c4c(c5c6ccccc6n2c5c31)C(=O)N[C@@H]4O,7.522878745280337,O=C1NCc2c1c1c3ccccc3n3c1c1c2c2ccccc2n1C1CCCC3O1,Indolocarbazole
17140,=,5.6,nM,8.25,5.6,SB218078,OTPNDVKVEAIXTI-MNSHXRSINA-N,10.1074/jbc.M201233200,2002,12244092,O=C1NC(=O)c2c1c1c3ccccc3n3[C@H]4CC[C@@H](O4)n4c5ccccc5c2c4c13 |r|,False,1,1,O=C1NC(=O)c2c1c1c3ccccc3n3c1c1c2c2ccccc2n1[C@H]1CC[C@H]3O1,8.2518119729938,O=C1NC(=O)c2c1c1c3ccccc3n3c1c1c2c2ccccc2n1C1CCC3O1,Indolocarbazole
35641,=,16.0,nM,7.8,16,erk000040,PFHKAGAZRDERTK-RNZRUAGMNA-N,10.1021/jm900630q,2009,19827834,Cc1cnc(Nc2ccccc2)nc1-c1c[nH]c(C(=O)N[C@H](CO)c2ccccc2)c1,False,1,1,Cc1cnc(Nc2ccccc2)nc1-c1c[nH]c(C(=O)N[C@H](CO)c2ccccc2)c1,7.795880017344075,O=C(NCc1ccccc1)c1cc(-c2ccnc(Nc3ccccc3)n2)c[nH]1,Pyrrole-2-carboxamide-pyrimidine
35642,=,240.0,nM,6.62,240,"pyrimidylpyrrole, 9a",AICUOEJPCSKION-RNZRUAGMNA-N,10.1021/jm900630q,2009,19827834,Cc1cnc(Nc2ccccc2Cl)nc1-c1c[nH]c(C(=O)N[C@H](CO)c2ccccc2)c1,False,1,1,Cc1cnc(Nc2ccccc2Cl)nc1-c1c[nH]c(C(=O)N[C@H](CO)c2ccccc2)c1,6.619788758288394,O=C(NCc1ccccc1)c1cc(-c2ccnc(Nc3ccccc3)n2)c[nH]1,Pyrrole-2-carboxamide-pyrimidine
35643,=,140.0,nM,6.85,140,"pyrimidylpyrrole, 9b",CRTYIBGQZSHPSN-ANBDAQEENA-N,10.1021/jm900630q,2009,19827834,Cc1ccccc1Nc1ncc(C)c(-c2c[nH]c(C(=O)N[C@H](CO)c3ccccc3)c2)n1,False,1,1,Cc1ccccc1Nc1ncc(C)c(-c2c[nH]c(C(=O)N[C@H](CO)c3ccccc3)c2)n1,6.853871964321762,O=C(NCc1ccccc1)c1cc(-c2ccnc(Nc3ccccc3)n2)c[nH]1,Pyrrole-2-carboxamide-pyrimidine
35644,=,210.0,nM,6.68,210,erk000524,PDGBJOHNOOKHMI-QWVACARCNA-N,10.1021/jm900630q,2009,19827834,CCc1ccccc1Nc1ncc(C)c(-c2c[nH]c(C(=O)N[C@H](CO)c3ccccc3)c2)n1,False,1,1,CCc1ccccc1Nc1ncc(C)c(-c2c[nH]c(C(=O)N[C@H](CO)c3ccccc3)c2)n1,6.6777807052660805,O=C(NCc1ccccc1)c1cc(-c2ccnc(Nc3ccccc3)n2)c[nH]1,Pyrrole-2-carboxamide-pyrimidine
35645,=,57.0,nM,7.24,57,"pyrimidylpyrrole, 9d",JBFYCFLBEYQHNC-RNZRUAGMNA-N,10.1021/jm900630q,2009,19827834,Cc1cnc(Nc2ccccc2F)nc1-c1c[nH]c(C(=O)N[C@H](CO)c2ccccc2)c1,False,1,1,Cc1cnc(Nc2ccccc2F)nc1-c1c[nH]c(C(=O)N[C@H](CO)c2ccccc2)c1,7.244125144327507,O=C(NCc1ccccc1)c1cc(-c2ccnc(Nc3ccccc3)n2)c[nH]1,Pyrrole-2-carboxamide-pyrimidine
35646,>,4000.0,nM,5.4,>4000,erk000506,YCXYNILFCBIHHV-RNZRUAGMNA-N,10.1021/jm900630q,2009,19827834,Cc1cnc(Nc2ccccc2C(F)(F)F)nc1-c1c[nH]c(C(=O)N[C@H](CO)c2ccccc2)c1,True,2,1,Cc1cnc(Nc2ccccc2C(F)(F)F)nc1-c1c[nH]c(C(=O)N[C@H](CO)c2ccccc2)c1,5.3979400086720375,O=C(NCc1ccccc1)c1cc(-c2ccnc(Nc3ccccc3)n2)c[nH]1,Pyrrole-2-carboxamide-pyrimidine
35647,<,100.0,nM,7.0,<100,erk000636,LEZLIAHSOVEHCJ-GNLPSFAGNA-N,10.1021/jm900630q,2009,19827834,Cc1cnc(Nc2ccccc2O)nc1-c1c[nH]c(C(=O)N[C@H](CO)c2ccccc2)c1,True,0,1,Cc1cnc(Nc2ccccc2O)nc1-c1c[nH]c(C(=O)N[C@H](CO)c2ccccc2)c1,7.0,O=C(NCc1ccccc1)c1cc(-c2ccnc(Nc3ccccc3)n2)c[nH]1,Pyrrole-2-carboxamide-pyrimidine
35648,=,1100.0,nM,5.96,1100,"pyrimidylpyrrole, 10a",PFHKAGAZRDERTK-RNZRUAGMNA-N,10.1021/jm900630q,2009,19827834,Cc1cnc(Nc2ccccc2)nc1-c1c[nH]c(C(=O)N[C@@H](CO)c2ccccc2)c1,False,1,1,Cc1cnc(Nc2ccccc2)nc1-c1c[nH]c(C(=O)N[C@@H](CO)c2ccccc2)c1,5.958607314841775,O=C(NCc1ccccc1)c1cc(-c2ccnc(Nc3ccccc3)n2)c[nH]1,Pyrrole-2-carboxamide-pyrimidine
35650,=,290.0,nM,6.54,290,"pyrimidylpyrrole, 10c",VGURFJZGZCVPTA-RNZRUAGMNA-N,10.1021/jm900630q,2009,19827834,Cc1cnc(Nc2ccccc2)nc1-c1c[nH]c(C(=O)N[C@H](CO)c2cccc(Cl)c2)c1,False,1,1,Cc1cnc(Nc2ccccc2)nc1-c1c[nH]c(C(=O)N[C@H](CO)c2cccc(Cl)c2)c1,6.537602002101044,O=C(NCc1ccccc1)c1cc(-c2ccnc(Nc3ccccc3)n2)c[nH]1,Pyrrole-2-carboxamide-pyrimidine
35651,=,69.0,nM,7.16,69,"pyrimidylpyrrole, 10d",UOENDEBKABBLDM-ANBDAQEENA-N,10.1021/jm900630q,2009,19827834,Cc1cccc([C@@H](CO)NC(=O)c2cc(-c3nc(Nc4ccccc4)ncc3C)c[nH]2)c1,False,1,1,Cc1cccc([C@@H](CO)NC(=O)c2cc(-c3nc(Nc4ccccc4)ncc3C)c[nH]2)c1,7.161150909262744,O=C(NCc1ccccc1)c1cc(-c2ccnc(Nc3ccccc3)n2)c[nH]1,Pyrrole-2-carboxamide-pyrimidine
35654,=,41.0,nM,7.39,41,erk000526,UKLODWPLBDVRPZ-QWVACARCNA-N,10.1021/jm900630q,2009,19827834,Cc1cnc(Nc2cccc(C)c2C)nc1-c1c[nH]c(C(=O)N[C@H](CO)c2cccc(Cl)c2)c1,False,1,1,Cc1cnc(Nc2cccc(C)c2C)nc1-c1c[nH]c(C(=O)N[C@H](CO)c2cccc(Cl)c2)c1,7.387216143280264,O=C(NCc1ccccc1)c1cc(-c2ccnc(Nc3ccccc3)n2)c[nH]1,Pyrrole-2-carboxamide-pyrimidine
35655,=,150.0,nM,6.82,150,erk000598,JTYHHTUGNXKIGP-ANBDAQEENA-N,10.1021/jm900630q,2009,19827834,Cc1cnc(Nc2cccc(F)c2C)nc1-c1c[nH]c(C(=O)N[C@H](CO)c2cccc(Cl)c2)c1,False,1,1,Cc1cnc(Nc2cccc(F)c2C)nc1-c1c[nH]c(C(=O)N[C@H](CO)c2cccc(Cl)c2)c1,6.823908740944319,O=C(NCc1ccccc1)c1cc(-c2ccnc(Nc3ccccc3)n2)c[nH]1,Pyrrole-2-carboxamide-pyrimidine
35656,=,76.0,nM,7.12,76,erk000650,MSOZBJDLTCXBAV-ANBDAQEENA-N,10.1021/jm900630q,2009,19827834,Cc1cc(Cl)ccc1Nc1ncc(C)c(-c2c[nH]c(C(=O)N[C@H](CO)c3cccc(Cl)c3)c2)n1,False,1,1,Cc1cc(Cl)ccc1Nc1ncc(C)c(-c2c[nH]c(C(=O)N[C@H](CO)c3cccc(Cl)c3)c2)n1,7.119186407719209,O=C(NCc1ccccc1)c1cc(-c2ccnc(Nc3ccccc3)n2)c[nH]1,Pyrrole-2-carboxamide-pyrimidine
35657,=,852.0,nM,6.07,852,"pyrimidylpyrrole, 11e",WUTVMXLIGHTZJC-RNZRUAGMNA-N,10.1021/jm900630q,2009,19827834,Cc1cnc(Nc2ccc(F)cc2Cl)nc1-c1c[nH]c(C(=O)N[C@H](CO)c2cccc(Cl)c2)c1,False,1,1,Cc1cnc(Nc2ccc(F)cc2Cl)nc1-c1c[nH]c(C(=O)N[C@H](CO)c2cccc(Cl)c2)c1,6.0695604052333,O=C(NCc1ccccc1)c1cc(-c2ccnc(Nc3ccccc3)n2)c[nH]1,Pyrrole-2-carboxamide-pyrimidine
35658,=,316.0,nM,6.5,316,erk000651,ZSHFRMIXWYVCCL-RNZRUAGMNA-N,10.1021/jm900630q,2009,19827834,Cc1cnc(Nc2ccc(Cl)cc2F)nc1-c1c[nH]c(C(=O)N[C@H](CO)c2cccc(Cl)c2)c1,False,1,1,Cc1cnc(Nc2ccc(Cl)cc2F)nc1-c1c[nH]c(C(=O)N[C@H](CO)c2cccc(Cl)c2)c1,6.500312917381596,O=C(NCc1ccccc1)c1cc(-c2ccnc(Nc3ccccc3)n2)c[nH]1,Pyrrole-2-carboxamide-pyrimidine
35659,=,410.0,nM,6.39,410,"pyrimidylpyrrole, 11g",SJOKPCUBKAMNFF-QWVACARCNA-N,10.1021/jm900630q,2009,19827834,CCc1ccccc1Nc1ncc(C)c(-c2c[nH]c(C(=O)N[C@H](CO)c3cccc(Cl)c3)c2)n1,False,1,1,CCc1ccccc1Nc1ncc(C)c(-c2c[nH]c(C(=O)N[C@H](CO)c3cccc(Cl)c3)c2)n1,6.3872161432802645,O=C(NCc1ccccc1)c1cc(-c2ccnc(Nc3ccccc3)n2)c[nH]1,Pyrrole-2-carboxamide-pyrimidine
35660,=,642.0,nM,6.19,642,"pyrimidylpyrrole, 11h",HOCNVQDRTVHYCW-FQKVKQEKNA-N,10.1021/jm900630q,2009,19827834,Cc1cnc(Nc2cccc3c2CCC3)nc1-c1c[nH]c(C(=O)N[C@H](CO)c2cccc(Cl)c2)c1,False,1,1,Cc1cnc(Nc2cccc3c2CCC3)nc1-c1c[nH]c(C(=O)N[C@H](CO)c2cccc(Cl)c2)c1,6.192464971931146,O=C(NCc1ccccc1)c1cc(-c2ccnc(Nc3cccc4c3CCC4)n2)c[nH]1,Pyrrole-2-carboxamide-pyrimidine
35661,=,250.0,nM,6.6,250,erk000595,GNNGWQSTNJCADU-KSYWNVGFNA-N,10.1021/jm900630q,2009,19827834,Cc1cnc(Nc2cccc3c2CCCC3)nc1-c1c[nH]c(C(=O)N[C@H](CO)c2cccc(Cl)c2)c1,False,1,1,Cc1cnc(Nc2cccc3c2CCCC3)nc1-c1c[nH]c(C(=O)N[C@H](CO)c2cccc(Cl)c2)c1,6.6020599913279625,O=C(NCc1ccccc1)c1cc(-c2ccnc(Nc3cccc4c3CCCC4)n2)c[nH]1,Pyrrole-2-carboxamide-pyrimidine
35662,=,209.0,nM,6.68,209,"pyrimidylpyrrole, 11j",GEPLEVYEUCTLJX-GNLPSFAGNA-N,10.1021/jm900630q,2009,19827834,Cc1cnc(Nc2cccc3c2OCO3)nc1-c1c[nH]c(C(=O)N[C@H](CO)c2cccc(Cl)c2)c1,False,1,1,Cc1cnc(Nc2cccc3c2OCO3)nc1-c1c[nH]c(C(=O)N[C@H](CO)c2cccc(Cl)c2)c1,6.679853713888946,O=C(NCc1ccccc1)c1cc(-c2ccnc(Nc3cccc4c3OCO4)n2)c[nH]1,Pyrrole-2-carboxamide-pyrimidine
35663,=,170.0,nM,6.77,170,"pyrimidylpyrrole, 11k",YUPWBUPSOSSVKV-TWYLJJHKNA-N,10.1021/jm900630q,2009,19827834,Cc1cnc(Nc2cccc3c2OC(F)(F)O3)nc1-c1c[nH]c(C(=O)N[C@H](CO)c2cccc(Cl)c2)c1,False,1,1,Cc1cnc(Nc2cccc3c2OC(F)(F)O3)nc1-c1c[nH]c(C(=O)N[C@H](CO)c2cccc(Cl)c2)c1,6.769551078621726,O=C(NCc1ccccc1)c1cc(-c2ccnc(Nc3cccc4c3OCO4)n2)c[nH]1,Pyrrole-2-carboxamide-pyrimidine
35664,=,138.0,nM,6.86,138,erk000628,MPCQRPKDRXWSSR-RNZRUAGMNA-N,10.1021/jm900630q,2009,19827834,Cc1cnc(Nc2cccc3c2OCCO3)nc1-c1c[nH]c(C(=O)N[C@H](CO)c2cccc(Cl)c2)c1,False,1,1,Cc1cnc(Nc2cccc3c2OCCO3)nc1-c1c[nH]c(C(=O)N[C@H](CO)c2cccc(Cl)c2)c1,6.860120913598763,O=C(NCc1ccccc1)c1cc(-c2ccnc(Nc3cccc4c3OCCO4)n2)c[nH]1,Pyrrole-2-carboxamide-pyrimidine
35665,>,2500.0,nM,5.6,>2500,erk000617,BATKTFZYDQZCLB-RNZRUAGMNA-N,10.1021/jm900630q,2009,19827834,COc1cccc(Nc2ncc(C)c(-c3c[nH]c(C(=O)N[C@H](CO)c4cccc(Cl)c4)c3)n2)c1OC,True,2,1,COc1cccc(Nc2ncc(C)c(-c3c[nH]c(C(=O)N[C@H](CO)c4cccc(Cl)c4)c3)n2)c1OC,5.6020599913279625,O=C(NCc1ccccc1)c1cc(-c2ccnc(Nc3ccccc3)n2)c[nH]1,Pyrrole-2-carboxamide-pyrimidine
81436,=,294.0,nM,6.53,294,"CDK Inhibitor, 9",NNMRZPOMVQNXMS-UHFFFAOYSA-N,10.1016/j.ejmech.2013.08.052,2013,24185375,CNc1nc(C)c(s1)-c1ccnc(Nc2ccc(C)c(c2)S(=O)(=O)N2CCOCC2)n1,False,1,1,CNc1nc(C)c(-c2ccnc(Nc3ccc(C)c(S(=O)(=O)N4CCOCC4)c3)n2)s1,6.531652669587842,O=S(=O)(c1cccc(Nc2nccc(-c3cncs3)n2)c1)N1CCOCC1,4-(Thiazol-5-yl)-2-aminopyrimidine
241195,=,1420.0,nM,5.85,1420,"US9409907, 37",XPELYRINMWSZIB-UHFFFAOYSA-N,10.1021/acs.jmedchem.5b01811,2016,27055065,COc1cc(ccc1Nc1ncc2ccnc(N3CCCC3)c2n1)-c1cnn(C)c1,False,1,1,COc1cc(-c2cnn(C)c2)ccc1Nc1ncc2ccnc(N3CCCC3)c2n1,5.847711655616944,c1cc2cnc(Nc3ccc(-c4cn[nH]c4)cc3)nc2c(N2CCCC2)n1,"Pyrido[3,4-d]pyrimidine"
241206,=,1400.0,nM,5.85,1400,"US9409907, 48",LEVJITMIUUMAFY-UHFFFAOYSA-N,10.1021/acs.jmedchem.8b00690,2018,30199249,COc1cc(ccc1Nc1ncc2ccnc(NCC(C)(C)C)c2n1)-c1cn(C)nc1C,False,1,1,COc1cc(-c2cn(C)nc2C)ccc1Nc1ncc2ccnc(NCC(C)(C)C)c2n1,5.853871964321762,c1cc2cnc(Nc3ccc(-c4cn[nH]c4)cc3)nc2cn1,"Pyrido[3,4-d]pyrimidine"
241207,=,1500.0,nM,5.82,1500,"US9409907, 49",YJSHLYBLZLAHEP-UHFFFAOYSA-N,10.1021/acs.jmedchem.8b00690,2018,30199249,COc1cc(ccc1Nc1ncc2ccnc(NCC(C)(C)C)c2n1)-c1cnn(C)c1C,False,1,1,COc1cc(-c2cnn(C)c2C)ccc1Nc1ncc2ccnc(NCC(C)(C)C)c2n1,5.823908740944319,c1cc2cnc(Nc3ccc(-c4cn[nH]c4)cc3)nc2cn1,"Pyrido[3,4-d]pyrimidine"
241208,=,43.0,nM,7.37,43,"US9409907, 50",URWRFSMVDXZMJH-UHFFFAOYSA-N,10.1021/acs.jmedchem.8b00690,2018,30199249,COc1cc(ccc1Nc1ncc2ccnc(NCC(C)(C)C)c2n1)-c1cnc(C)n1C,False,1,1,COc1cc(-c2cnc(C)n2C)ccc1Nc1ncc2ccnc(NCC(C)(C)C)c2n1,7.366531544420414,c1cc2cnc(Nc3ccc(-c4cnc[nH]4)cc3)nc2cn1,"Pyrido[3,4-d]pyrimidine"
241213,=,100.0,nM,7.0,100,"US9409907, 55",DIBCUQSRSKMAFL-UHFFFAOYSA-N,10.1021/acs.jmedchem.5b01811,2016,27055065,COc1cc(ccc1Nc1ncc2ccnc(NC3CCCCC3)c2n1)-c1cnn(C)c1,False,1,1,COc1cc(-c2cnn(C)c2)ccc1Nc1ncc2ccnc(NC3CCCCC3)c2n1,7.0,c1cc2cnc(Nc3ccc(-c4cn[nH]c4)cc3)nc2c(NC2CCCCC2)n1,"Pyrido[3,4-d]pyrimidine"
241216,=,540.0,nM,6.27,540,"US9409907, 58",RNRUHOJYKQGQGN-UHFFFAOYSA-N,10.1021/acs.jmedchem.5b01811,2016,27055065,COc1cc(ccc1Nc1ncc2ccnc(NCC3CC3)c2n1)-c1cnn(C)c1,False,1,1,COc1cc(-c2cnn(C)c2)ccc1Nc1ncc2ccnc(NCC3CC3)c2n1,6.267606240177031,c1cc2cnc(Nc3ccc(-c4cn[nH]c4)cc3)nc2c(NCC2CC2)n1,"Pyrido[3,4-d]pyrimidine"
241223,=,430.0,nM,6.37,430,"US9409907, 65",QZZFLPGPIFLIDL-UHFFFAOYSA-N,10.1021/acs.jmedchem.5b01811,2016,27055065,COc1cc(ccc1Nc1ncc2ccnc(NCC(C)C)c2n1)-c1cnn(C)c1,False,1,1,COc1cc(-c2cnn(C)c2)ccc1Nc1ncc2ccnc(NCC(C)C)c2n1,6.366531544420413,c1cc2cnc(Nc3ccc(-c4cn[nH]c4)cc3)nc2cn1,"Pyrido[3,4-d]pyrimidine"
241226,=,230.0,nM,6.64,230,"US9409907, 68",WSTCEYSBWKYEDE-UHFFFAOYSA-N,10.1021/acs.jmedchem.8b00690,2018,30199249,COc1cc(ccc1Nc1ncc2ccnc(NCC(C)(C)C)c2n1)-c1cnn(C)c1,False,1,2,COc1cc(-c2cnn(C)c2)ccc1Nc1ncc2ccnc(NCC(C)(C)C)c2n1,6.638272163982407,c1cc2cnc(Nc3ccc(-c4cn[nH]c4)cc3)nc2cn1,"Pyrido[3,4-d]pyrimidine"
241234,=,240.0,nM,6.62,240,"US9409907, 76",XTJZKALDRPVFSN-GGYSOQFKNA-N,10.1021/acs.jmedchem.5b01811,2016,27055065,COc1cc(ccc1Nc1ncc2ccnc(N[C@H](C)C(C)(C)C)c2n1)-c1cnn(C)c1 |r|,False,1,1,COc1cc(-c2cnn(C)c2)ccc1Nc1ncc2ccnc(N[C@H](C)C(C)(C)C)c2n1,6.619788758288394,c1cc2cnc(Nc3ccc(-c4cn[nH]c4)cc3)nc2cn1,"Pyrido[3,4-d]pyrimidine"
241235,=,280.0,nM,6.55,280,"US9409907, 77",XTJZKALDRPVFSN-GGYSOQFKNA-N,10.1021/acs.jmedchem.5b01811,2016,27055065,COc1cc(ccc1Nc1ncc2ccnc(N[C@@H](C)C(C)(C)C)c2n1)-c1cnn(C)c1 |r|,False,1,1,COc1cc(-c2cnn(C)c2)ccc1Nc1ncc2ccnc(N[C@@H](C)C(C)(C)C)c2n1,6.552841968657781,c1cc2cnc(Nc3ccc(-c4cn[nH]c4)cc3)nc2cn1,"Pyrido[3,4-d]pyrimidine"
241331,=,8.0,nM,8.1,8.0,"US9409907, 175",VZBGYKSZEPEEDD-UHFFFAOYSA-N,10.1021/acs.jmedchem.8b00690,2018,30199249,COc1cc(ccc1Nc1ncc2ccnc(NCC(C)(C)C)c2n1)-c1nncn1C,False,1,1,COc1cc(-c2nncn2C)ccc1Nc1ncc2ccnc(NCC(C)(C)C)c2n1,8.096910013008056,c1cc2cnc(Nc3ccc(-c4nnc[nH]4)cc3)nc2cn1,"Pyrido[3,4-d]pyrimidine"
241333,=,720.0,nM,6.14,720,"US9409907, 177",HMSPYGGDZVMDBA-UHFFFAOYSA-N,10.1021/acs.jmedchem.8b00690,2018,30199249,COc1cc(ccc1Nc1ncc2cc(C)nc(NCC(C)(C)C)c2n1)-c1cnc(C)n1C,False,1,1,COc1cc(-c2cnc(C)n2C)ccc1Nc1ncc2cc(C)nc(NCC(C)(C)C)c2n1,6.142667503568731,c1cc2cnc(Nc3ccc(-c4cnc[nH]4)cc3)nc2cn1,"Pyrido[3,4-d]pyrimidine"
241335,=,65.0,nM,7.19,65,"US9409907, 179",SIBUVHVSIBBFAL-UHFFFAOYSA-N,10.1021/acs.jmedchem.8b00690,2018,30199249,COc1cc(ccc1Nc1ncc2cc(C)nc(NCC(C)(C)C)c2n1)-c1nncn1C,False,1,1,COc1cc(-c2nncn2C)ccc1Nc1ncc2cc(C)nc(NCC(C)(C)C)c2n1,7.187086643357144,c1cc2cnc(Nc3ccc(-c4nnc[nH]4)cc3)nc2cn1,"Pyrido[3,4-d]pyrimidine"
241338,=,510.0,nM,6.29,510,"US9409907, 182",SGWLRDAOCLITOM-UHFFFAOYSA-N,10.1021/acs.jmedchem.8b00690,2018,30199249,CCOc1cc(ccc1Nc1ncc2cc(C)nc(NCC(C)(C)C)c2n1)-c1nncn1C,False,1,1,CCOc1cc(-c2nncn2C)ccc1Nc1ncc2cc(C)nc(NCC(C)(C)C)c2n1,6.292429823902063,c1cc2cnc(Nc3ccc(-c4nnc[nH]4)cc3)nc2cn1,"Pyrido[3,4-d]pyrimidine"
412610,=,1400.0,nM,5.85,1400,"1-(2-((2-ethoxy-4-(4-methyl-4H-1,2,4-triazol-3-yl)phenyl)amino)-6-methylpyrido[3,4-d]pyrimidin-8-yl)-3-methylazetidine-3-carbonitrile",GYMNTUPVOUZTAY-UHFFFAOYSA-N,10.1021/acs.jmedchem.8b00690,2018,30199249,CCOc1cc(ccc1Nc1ncc2cc(C)nc(N3CC(C)(C3)C#N)c2n1)-c1nncn1C,False,1,1,CCOc1cc(-c2nncn2C)ccc1Nc1ncc2cc(C)nc(N3CC(C)(C#N)C3)c2n1,5.853871964321762,c1cc2cnc(Nc3ccc(-c4nnc[nH]4)cc3)nc2c(N2CCC2)n1,"Pyrido[3,4-d]pyrimidine"
412611,=,1300.0,nM,5.89,1300,"N-(2-ethoxy-4-(4-methyl-4H-1,2,4-triazol-3-yl)phenyl)-6-methyl-8-(7-oxa-2-azaspiro[3.5]nonan-2-yl)pyrido[3,4-d]pyrimidin-2-amine",JFSVDNNSGLCJII-UHFFFAOYSA-N,10.1021/acs.jmedchem.8b00690,2018,30199249,CCOc1cc(ccc1Nc1ncc2cc(C)nc(N3CC4(C3)CCOCC4)c2n1)-c1nncn1C,False,1,1,CCOc1cc(-c2nncn2C)ccc1Nc1ncc2cc(C)nc(N3CC4(CCOCC4)C3)c2n1,5.886056647693163,c1cc2cnc(Nc3ccc(-c4nnc[nH]4)cc3)nc2c(N2CC3(CCOCC3)C2)n1,"Pyrido[3,4-d]pyrimidine"
412614,=,470.0,nM,6.33,470,"N2-(4-(4,5-dimethyl-4H-1,2,4-triazol-3-yl)-2-ethoxyphenyl)-6-methyl-N8-neopentylpyrido[3,4-d]pyrimidine-2,8-diamine",OMONHEJVJYRTAT-UHFFFAOYSA-N,10.1021/acs.jmedchem.8b00690,2018,30199249,CCOc1cc(ccc1Nc1ncc2cc(C)nc(NCC(C)(C)C)c2n1)-c1nnc(C)n1C,False,1,1,CCOc1cc(-c2nnc(C)n2C)ccc1Nc1ncc2cc(C)nc(NCC(C)(C)C)c2n1,6.327902142064282,c1cc2cnc(Nc3ccc(-c4nnc[nH]4)cc3)nc2cn1,"Pyrido[3,4-d]pyrimidine"
412644,=,13000.0,nM,4.89,13000,"US10399974, Example 42",KXQCJKRTBLRMTI-UHFFFAOYSA-N,10.1021/acs.jmedchem.8b00690,2018,30199249,CCOc1cc(ccc1Nc1ncc2cc(C)nc(N3CCC3(C)C)c2n1)-c1nncn1C,False,1,1,CCOc1cc(-c2nncn2C)ccc1Nc1ncc2cc(C)nc(N3CCC3(C)C)c2n1,4.886056647693163,c1cc2cnc(Nc3ccc(-c4nnc[nH]4)cc3)nc2c(N2CCC2)n1,"Pyrido[3,4-d]pyrimidine"
412656,=,77.0,nM,7.11,77,"US10399974, Example 54",LFMAIWOVKYCOOZ-XISACWJONA-N,10.1021/acs.jmedchem.8b00690,2018,30199249,CCOc1cc(ccc1Nc1ncc2cc(C)nc(N[C@@H](C)C(C)(C)C)c2n1)-c1nncn1C |r|,False,1,1,CCOc1cc(-c2nncn2C)ccc1Nc1ncc2cc(C)nc(N[C@@H](C)C(C)(C)C)c2n1,7.113509274827518,c1cc2cnc(Nc3ccc(-c4nnc[nH]4)cc3)nc2cn1,"Pyrido[3,4-d]pyrimidine"
412658,=,550.0,nM,6.26,550,"US10399974, Example 56",VHRZLROQUWIXSC-UHFFFAOYSA-N,10.1021/acs.jmedchem.8b00690,2018,30199249,CCOc1cc(ccc1Nc1ncc2cc(C)nc(N3CCCC3)c2n1)-c1nncn1C,False,1,1,CCOc1cc(-c2nncn2C)ccc1Nc1ncc2cc(C)nc(N3CCCC3)c2n1,6.259637310505756,c1cc2cnc(Nc3ccc(-c4nnc[nH]4)cc3)nc2c(N2CCCC2)n1,"Pyrido[3,4-d]pyrimidine"
50113281,=,44.0,nM,7.36,44,AT-7519,OVPNQJVDAFNBDN-UHFFFAOYSA-N,10.1021/acs.jmedchem.6b00150,2016,27171036,O=C(NC1CCNCC1)c1n[nH]cc1NC(=O)c1c(Cl)cccc1Cl,False,1,1,O=C(NC1CCNCC1)c1n[nH]cc1NC(=O)c1c(Cl)cccc1Cl,7.356547323513812,O=C(Nc1c[nH]nc1C(=O)NC1CCNCC1)c1ccccc1,Pyrazole-3-carboxamide
50235342,=,6.0,nM,8.22,6.0,NU-6102,OWXORKPNCHJYOF-UHFFFAOYSA-N,10.1021/acs.jmedchem.8b01469,2019,30543440,NS(=O)(=O)c1ccc(Nc2nc(OCC3CCCCC3)c3nc[nH]c3n2)cc1,False,1,1,NS(=O)(=O)c1ccc(Nc2nc(OCC3CCCCC3)c3nc[nH]c3n2)cc1,8.221848749616356,c1ccc(Nc2nc(OCC3CCCCC3)c3nc[nH]c3n2)cc1,Purine
50279724,=,170.0,nM,6.77,170,CHEMBL4167265,KCPRSPILMCRMSU-UHFFFAOYSA-N,10.1021/acsmedchemlett.7b00239,2017,29259738,N#Cc1ccc(-c2nc(Nc3cc(C4CC4)[nH]n3)c3cc(Cl)ccc3n2)cc1,False,1,1,N#Cc1ccc(-c2nc(Nc3cc(C4CC4)[nH]n3)c3cc(Cl)ccc3n2)cc1,6.769551078621726,c1ccc(-c2nc(Nc3cc(C4CC4)[nH]n3)c3ccccc3n2)cc1,3-Aminopyrazole
50279733,=,11.0,nM,7.96,11,CHEMBL4174082,BKVJIBAADPVALB-UHFFFAOYSA-N,10.1021/acsmedchemlett.7b00239,2017,29259738,N#Cc1cccc(-c2nc(Nc3cc(C4CC4)[nH]n3)c3ccccc3n2)c1,False,1,1,N#Cc1cccc(-c2nc(Nc3cc(C4CC4)[nH]n3)c3ccccc3n2)c1,7.958607314841775,c1ccc(-c2nc(Nc3cc(C4CC4)[nH]n3)c3ccccc3n2)cc1,3-Aminopyrazole
50279735,=,750.0,nM,6.12,750,CHEMBL4173877,UASKPELCJPQDEL-UHFFFAOYSA-N,10.1021/acsmedchemlett.7b00239,2017,29259738,N#Cc1cccc(-c2nc(Nc3cc(C4CC4)[nH]n3)c3cc(Cl)ccc3n2)c1,False,1,1,N#Cc1cccc(-c2nc(Nc3cc(C4CC4)[nH]n3)c3cc(Cl)ccc3n2)c1,6.1249387366083,c1ccc(-c2nc(Nc3cc(C4CC4)[nH]n3)c3ccccc3n2)cc1,3-Aminopyrazole
50279742,=,140.0,nM,6.85,140,CHEMBL4166840,UHNFOKVJWUABIX-UHFFFAOYSA-N,10.1021/acsmedchemlett.7b00239,2017,29259738,N#Cc1ccc(-c2nc(Nc3cc(C4CC4)[nH]n3)c3ccccc3n2)cc1,False,1,1,N#Cc1ccc(-c2nc(Nc3cc(C4CC4)[nH]n3)c3ccccc3n2)cc1,6.853871964321762,c1ccc(-c2nc(Nc3cc(C4CC4)[nH]n3)c3ccccc3n2)cc1,3-Aminopyrazole
50279743,=,7.0,nM,8.15,7.0,CHEMBL4170479,RQBXIYXQKQNKEN-UHFFFAOYSA-N,10.1021/acsmedchemlett.7b00239,2017,29259738,NS(=O)(=O)c1ccc(-c2nccc(Nc3cc(C4CC4)[nH]n3)n2)s1,False,1,1,NS(=O)(=O)c1ccc(-c2nccc(Nc3cc(C4CC4)[nH]n3)n2)s1,8.154901959985743,c1csc(-c2nccc(Nc3cc(C4CC4)[nH]n3)n2)c1,3-Aminopyrazole
50279744,=,147.0,nM,6.83,147,CHEMBL4165984,VWDBOWHYYMADQM-UHFFFAOYSA-N,10.1021/acsmedchemlett.7b00239,2017,29259738,N#Cc1cnc(-c2ccc(S(N)(=O)=O)s2)nc1Nc1cc(C2CC2)[nH]n1,False,1,1,N#Cc1cnc(-c2ccc(S(N)(=O)=O)s2)nc1Nc1cc(C2CC2)[nH]n1,6.832682665251824,c1csc(-c2nccc(Nc3cc(C4CC4)[nH]n3)n2)c1,3-Aminopyrazole
50279763,=,17.0,nM,7.77,17,CHEMBL4162308,KRMDPWLIHGQVGZ-UHFFFAOYSA-N,10.1021/acsmedchemlett.7b00239,2017,29259738,NS(=O)(=O)c1ccc(-c2ncc(Cl)c(Nc3cc(C4CC4)[nH]n3)n2)s1,False,1,1,NS(=O)(=O)c1ccc(-c2ncc(Cl)c(Nc3cc(C4CC4)[nH]n3)n2)s1,7.769551078621726,c1csc(-c2nccc(Nc3cc(C4CC4)[nH]n3)n2)c1,3-Aminopyrazole
50425002,=,199.0,nM,6.7,199,CHEMBL2312191,UFUGKBGESCNADR-UHFFFAOYSA-N,10.1016/j.ejmech.2013.08.052,2013,24185375,CNc1nc(C)c(s1)-c1nc(Nc2cccc(c2)C(=O)N2CCOCC2)ncc1C#N,False,1,1,CNc1nc(C)c(-c2nc(Nc3cccc(C(=O)N4CCOCC4)c3)ncc2C#N)s1,6.701146923590294,O=C(c1cccc(Nc2nccc(-c3cncs3)n2)c1)N1CCOCC1,4-(Thiazol-5-yl)-2-aminopyrimidine
50425005,=,12.0,nM,7.92,12,CHEMBL2312188,NYRVLHGVDPPWJS-UHFFFAOYSA-N,10.1016/j.ejmech.2021.113244,2021,33581551,CNc1nc(C)c(s1)-c1nc(Nc2cccc(O)c2)ncc1C#N,False,1,1,CNc1nc(C)c(-c2nc(Nc3cccc(O)c3)ncc2C#N)s1,7.920818753952375,c1ccc(Nc2nccc(-c3cncs3)n2)cc1,4-(Thiazol-5-yl)-2-aminopyrimidine
50443443,=,164.0,nM,6.79,164,CHEMBL3087436,ROGLCZFAMZYZJO-UHFFFAOYSA-N,10.1016/j.ejmech.2013.08.052,2013,24185375,CNc1nc(C)c(s1)-c1nc(Nc2cccc(c2)C(=O)N2CCN(C)CC2)ncc1C#N,False,1,1,CNc1nc(C)c(-c2nc(Nc3cccc(C(=O)N4CCN(C)CC4)c3)ncc2C#N)s1,6.785156151952302,O=C(c1cccc(Nc2nccc(-c3cncs3)n2)c1)N1CCNCC1,4-(Thiazol-5-yl)-2-aminopyrimidine
50443444,=,134.0,nM,6.87,134,CHEMBL3087437,APNXOACTQOYOLQ-UHFFFAOYSA-N,10.1016/j.ejmech.2013.08.052,2013,24185375,CNc1nc(C)c(s1)-c1nc(Nc2cccc(c2)C(=O)N2CCN(CC2)C(C)=O)ncc1C#N,False,1,1,CNc1nc(C)c(-c2nc(Nc3cccc(C(=O)N4CCN(C(C)=O)CC4)c3)ncc2C#N)s1,6.872895201635192,O=C(c1cccc(Nc2nccc(-c3cncs3)n2)c1)N1CCNCC1,4-(Thiazol-5-yl)-2-aminopyrimidine
50443445,=,485.0,nM,6.31,485,CHEMBL3087438,BVPOKPFALSNQSI-UHFFFAOYSA-N,10.1016/j.ejmech.2013.08.052,2013,24185375,CNc1nc(C)c(s1)-c1ccnc(Nc2cccc(c2)C(=O)N2CCOCC2)n1,False,1,1,CNc1nc(C)c(-c2ccnc(Nc3cccc(C(=O)N4CCOCC4)c3)n2)s1,6.314258261397736,O=C(c1cccc(Nc2nccc(-c3cncs3)n2)c1)N1CCOCC1,4-(Thiazol-5-yl)-2-aminopyrimidine
50443446,=,584.0,nM,6.23,584,CHEMBL3087439,YKBWHMMFNLYZNJ-UHFFFAOYSA-N,10.1016/j.ejmech.2013.08.052,2013,24185375,CNc1nc(C)c(s1)-c1nc(Nc2cccc(c2)S(=O)(=O)N2CCN(C)CC2)ncc1C#N,False,1,1,CNc1nc(C)c(-c2nc(Nc3cccc(S(=O)(=O)N4CCN(C)CC4)c3)ncc2C#N)s1,6.2335871528876,O=S(=O)(c1cccc(Nc2nccc(-c3cncs3)n2)c1)N1CCNCC1,4-(Thiazol-5-yl)-2-aminopyrimidine
50443447,=,130.0,nM,6.89,130,CHEMBL3087440,JADZIABDRVBRMR-UHFFFAOYSA-N,10.1016/j.ejmech.2013.08.052,2013,24185375,CNc1nc(C)c(s1)-c1nc(Nc2ccc(C)c(c2)S(=O)(=O)N2CCOCC2)ncc1F,False,1,1,CNc1nc(C)c(-c2nc(Nc3ccc(C)c(S(=O)(=O)N4CCOCC4)c3)ncc2F)s1,6.886056647693163,O=S(=O)(c1cccc(Nc2nccc(-c3cncs3)n2)c1)N1CCOCC1,4-(Thiazol-5-yl)-2-aminopyrimidine
50443448,=,55.0,nM,7.26,55,CHEMBL3087441,AFYLTDZJAWPVBM-UHFFFAOYSA-N,10.1016/j.ejmech.2013.08.052,2013,24185375,CNc1nc(C)c(s1)-c1nc(Nc2cccc(c2)S(=O)(=O)N2CCOCC2)ncc1C#N,False,1,1,CNc1nc(C)c(-c2nc(Nc3cccc(S(=O)(=O)N4CCOCC4)c3)ncc2C#N)s1,7.259637310505756,O=S(=O)(c1cccc(Nc2nccc(-c3cncs3)n2)c1)N1CCOCC1,4-(Thiazol-5-yl)-2-aminopyrimidine
50443449,=,6.0,nM,8.22,6.0,CHEMBL3087442,CGBFAYLLULJFBW-UHFFFAOYSA-N,10.1016/j.ejmech.2013.08.052,2013,24185375,CNc1nc(C)c(s1)-c1nc(Nc2cccc(c2)S(=O)(=O)NCCOC)ncc1F,False,1,1,CNc1nc(C)c(-c2nc(Nc3cccc(S(=O)(=O)NCCOC)c3)ncc2F)s1,8.221848749616356,c1ccc(Nc2nccc(-c3cncs3)n2)cc1,4-(Thiazol-5-yl)-2-aminopyrimidine
50443450,=,22.0,nM,7.66,22,CHEMBL3087443,AZPRRIBSKMOFDL-UHFFFAOYSA-N,10.1016/j.ejmech.2013.08.052,2013,24185375,CNc1nc(C)c(s1)-c1nc(Nc2cccc(c2)S(=O)(=O)NCCOC)ncc1C#N,False,1,1,CNc1nc(C)c(-c2nc(Nc3cccc(S(=O)(=O)NCCOC)c3)ncc2C#N)s1,7.657577319177793,c1ccc(Nc2nccc(-c3cncs3)n2)cc1,4-(Thiazol-5-yl)-2-aminopyrimidine
50443451,=,43.0,nM,7.37,43,CHEMBL3087444,WVRPZYQKQWOMIH-UHFFFAOYSA-N,10.1016/j.ejmech.2013.08.052,2013,24185375,CNc1nc(C)c(s1)-c1nc(Nc2cccc(c2)S(C)(=O)=O)ncc1C#N,False,1,1,CNc1nc(C)c(-c2nc(Nc3cccc(S(C)(=O)=O)c3)ncc2C#N)s1,7.366531544420414,c1ccc(Nc2nccc(-c3cncs3)n2)cc1,4-(Thiazol-5-yl)-2-aminopyrimidine
50443452,=,68.0,nM,7.17,68,CHEMBL3087445,LRPFDZCHJQTXPT-UHFFFAOYSA-N,10.1016/j.ejmech.2013.08.052,2013,24185375,CN1CCN(CC1)c1cccc(Nc2ncc(F)c(n2)-c2sc(N)nc2C)c1,False,1,1,Cc1nc(N)sc1-c1nc(Nc2cccc(N3CCN(C)CC3)c2)ncc1F,7.167491087293763,c1cc(Nc2nccc(-c3cncs3)n2)cc(N2CCNCC2)c1,4-(Thiazol-5-yl)-2-aminopyrimidine
50443453,=,41.0,nM,7.39,41,CHEMBL3087447,PJIPYWGIYRUKIG-UHFFFAOYSA-N,10.1016/j.ejmech.2013.08.052,2013,24185375,CNc1nc(C)c(s1)-c1nc(Nc2cccc(c2)N2CCN(C)CC2)ncc1F,False,1,1,CNc1nc(C)c(-c2nc(Nc3cccc(N4CCN(C)CC4)c3)ncc2F)s1,7.387216143280264,c1cc(Nc2nccc(-c3cncs3)n2)cc(N2CCNCC2)c1,4-(Thiazol-5-yl)-2-aminopyrimidine
50443454,=,77.0,nM,7.11,77,CHEMBL3087446,DLENXRXJIRCJJB-UHFFFAOYSA-N,10.1016/j.ejmech.2013.08.052,2013,24185375,CC(=O)N1CCN(CC1)c1cccc(Nc2ncc(F)c(n2)-c2sc(N)nc2C)c1,False,1,1,CC(=O)N1CCN(c2cccc(Nc3ncc(F)c(-c4sc(N)nc4C)n3)c2)CC1,7.113509274827518,c1cc(Nc2nccc(-c3cncs3)n2)cc(N2CCNCC2)c1,4-(Thiazol-5-yl)-2-aminopyrimidine
50443455,=,3.0,nM,8.52,3.0,CHEMBL3087448,BQLLLVDIZXOQJD-UHFFFAOYSA-N,10.1016/j.ejmech.2013.08.052,2013,24185375,Cc1nc(N)sc1-c1nc(Nc2cccc(c2)S(N)(=O)=O)ncc1F,False,1,1,Cc1nc(N)sc1-c1nc(Nc2cccc(S(N)(=O)=O)c2)ncc1F,8.522878745280337,c1ccc(Nc2nccc(-c3cncs3)n2)cc1,4-(Thiazol-5-yl)-2-aminopyrimidine
50443456,=,316.0,nM,6.5,316,CHEMBL3087432,HAOOVLDCSQZODX-UHFFFAOYSA-N,10.1016/j.ejmech.2013.08.052,2013,24185375,CNc1nc(C)c(s1)-c1nc(Nc2cccc(c2)C(=O)NC2CCN(C)CC2)ncc1C#N,False,1,1,CNc1nc(C)c(-c2nc(Nc3cccc(C(=O)NC4CCN(C)CC4)c3)ncc2C#N)s1,6.500312917381596,O=C(NC1CCNCC1)c1cccc(Nc2nccc(-c3cncs3)n2)c1,4-(Thiazol-5-yl)-2-aminopyrimidine
50443457,=,32.0,nM,7.49,32,CHEMBL3087433,ANZDEYYSOIFTCU-UHFFFAOYSA-N,10.1016/j.ejmech.2013.08.052,2013,24185375,CNc1nc(C)c(s1)-c1nc(Nc2ccc(cc2)C(=O)NC2CCN(C)CC2)ncc1C#N,False,1,1,CNc1nc(C)c(-c2nc(Nc3ccc(C(=O)NC4CCN(C)CC4)cc3)ncc2C#N)s1,7.494850021680094,O=C(NC1CCNCC1)c1ccc(Nc2nccc(-c3cncs3)n2)cc1,4-(Thiazol-5-yl)-2-aminopyrimidine
50443458,=,231.0,nM,6.64,231,CHEMBL3087434,AFCWHBYSCXCKFL-UHFFFAOYSA-N,10.1016/j.ejmech.2013.08.052,2013,24185375,CNc1nc(C)c(s1)-c1nc(Nc2cccc(c2)C(=O)NC2CCN(C)CC2)ncc1F,False,1,1,CNc1nc(C)c(-c2nc(Nc3cccc(C(=O)NC4CCN(C)CC4)c3)ncc2F)s1,6.636388020107855,O=C(NC1CCNCC1)c1cccc(Nc2nccc(-c3cncs3)n2)c1,4-(Thiazol-5-yl)-2-aminopyrimidine
50443459,>,5000.0,nM,5.3,>5000,CHEMBL3087435,NGIUJEJHSLLBCD-UHFFFAOYSA-N,10.1016/j.ejmech.2013.08.052,2013,24185375,CNc1nc(C)c(s1)-c1nc(Nc2cc(ccc2Cl)C(=O)N2CCN(C)CC2)ncc1C#N,True,2,1,CNc1nc(C)c(-c2nc(Nc3cc(C(=O)N4CCN(C)CC4)ccc3Cl)ncc2C#N)s1,5.301029995663981,O=C(c1cccc(Nc2nccc(-c3cncs3)n2)c1)N1CCNCC1,4-(Thiazol-5-yl)-2-aminopyrimidine
50463479,=,1500.0,nM,5.82,1500,CHEMBL4249925,HIUHVDROHDSKTC-UHFFFAOYSA-N,10.1016/j.bmcl.2018.06.040,2018,30082069,CS(=O)(=O)Nc1cccc(CC(=O)Nc2nc(-c3c[nH]c4ncccc34)cs2)c1,False,1,1,CS(=O)(=O)Nc1cccc(CC(=O)Nc2nc(-c3c[nH]c4ncccc34)cs2)c1,5.823908740944319,O=C(Cc1ccccc1)Nc1nc(-c2c[nH]c3ncccc23)cs1,7-Azaindol-3-yl-aminothiazole
50463483,>,4000.0,nM,5.4,>4000,CHEMBL4245242,OKUPZBPYLVKVSU-UHFFFAOYSA-N,10.1016/j.bmcl.2018.06.040,2018,30082069,O=C(Cc1cccc(OCCCC2CCNCC2)c1)Nc1nc(-c2c[nH]c3ncccc23)cs1,True,2,1,O=C(Cc1cccc(OCCCC2CCNCC2)c1)Nc1nc(-c2c[nH]c3ncccc23)cs1,5.3979400086720375,O=C(Cc1cccc(OCCCC2CCNCC2)c1)Nc1nc(-c2c[nH]c3ncccc23)cs1,7-Azaindol-3-yl-aminothiazole
50463484,>,4000.0,nM,5.4,>4000,CHEMBL4248525,KWQRIWDMNAKJAF-UHFFFAOYSA-N,10.1016/j.bmcl.2018.06.040,2018,30082069,CN1CCN(CCCOc2cccc(CC(=O)Nc3nc(-c4c[nH]c5ncccc45)cs3)c2)CC1,True,2,1,CN1CCN(CCCOc2cccc(CC(=O)Nc3nc(-c4c[nH]c5ncccc45)cs3)c2)CC1,5.3979400086720375,O=C(Cc1cccc(OCCCN2CCNCC2)c1)Nc1nc(-c2c[nH]c3ncccc23)cs1,7-Azaindol-3-yl-aminothiazole
50464037,=,180.0,nM,6.74,180,CHEMBL4240502,OQGWFLXBPGEVIM-UHFFFAOYSA-N,10.1021/acs.jmedchem.8b00690,2018,30199249,CCOc1cc(ccc1Nc1ncc2cc(C)nc(NCC(C)(C)C)c2n1)-c1nnc(CCN(C)C)n1C,False,1,1,CCOc1cc(-c2nnc(CCN(C)C)n2C)ccc1Nc1ncc2cc(C)nc(NCC(C)(C)C)c2n1,6.7447274948966935,c1cc2cnc(Nc3ccc(-c4nnc[nH]4)cc3)nc2cn1,"Pyrido[3,4-d]pyrimidine"
50464038,>,5000.0,nM,5.3,>5000,CHEMBL4250961,KVBSXCPLSAIKFP-UHFFFAOYSA-N,10.1021/acs.jmedchem.8b00690,2018,30199249,CCOc1cc(ccc1Nc1ncc2cc(C)nc(NCC(C)(C)C)c2n1)-c1nnc2CCCn12,True,2,1,CCOc1cc(-c2nnc3n2CCC3)ccc1Nc1ncc2cc(C)nc(NCC(C)(C)C)c2n1,5.301029995663981,c1cc2cnc(Nc3ccc(-c4nnc5n4CCC5)cc3)nc2cn1,"Pyrido[3,4-d]pyrimidine"
50464039,=,810.0,nM,6.09,810,CHEMBL4245639,NBCVGOXDQJIDNF-UHFFFAOYSA-N,10.1021/acs.jmedchem.8b00690,2018,30199249,CCOc1cc(ccc1Nc1ncc2cc(C)nc(N3CC(C)(C)C3)c2n1)-c1nncn1C,False,1,1,CCOc1cc(-c2nncn2C)ccc1Nc1ncc2cc(C)nc(N3CC(C)(C)C3)c2n1,6.09151498112135,c1cc2cnc(Nc3ccc(-c4nnc[nH]4)cc3)nc2c(N2CCC2)n1,"Pyrido[3,4-d]pyrimidine"
50464040,=,130.0,nM,6.89,130,CHEMBL4251352,VDYTVNXJBMDQBM-UHFFFAOYSA-N,10.1021/acs.jmedchem.8b00690,2018,30199249,COc1cc(ccc1Nc1ncc2cc(C)nc(NCC(C)(C)C)c2n1)-c1nnc2CCCn12,False,1,1,COc1cc(-c2nnc3n2CCC3)ccc1Nc1ncc2cc(C)nc(NCC(C)(C)C)c2n1,6.886056647693163,c1cc2cnc(Nc3ccc(-c4nnc5n4CCC5)cc3)nc2cn1,"Pyrido[3,4-d]pyrimidine"
50501577,>,5000.0,nM,5.3,>5000,CHEMBL4071812,JTZWTKLEXMYEMU-UHFFFAOYSA-N,10.1021/acs.jmedchem.6b01670,2017,28156111,Cc1nc(NC2CCCC2)sc1-c1ccnc(Nc2ccc(cn2)N2CCNCC2)n1,True,2,1,Cc1nc(NC2CCCC2)sc1-c1ccnc(Nc2ccc(N3CCNCC3)cn2)n1,5.301029995663981,c1cc(-c2cnc(NC3CCCC3)s2)nc(Nc2ccc(N3CCNCC3)cn2)n1,4-(Thiazol-5-yl)-2-aminopyrimidine
50501578,=,278.0,nM,6.56,278,CHEMBL4098811,LICJOAWXMPKZSX-UHFFFAOYSA-N,10.1021/acs.jmedchem.6b01670,2017,28156111,Cc1nc(NC2CCCC2)sc1-c1ccnc(Nc2ccc(cn2)N2CCCNCC2)n1,False,1,1,Cc1nc(NC2CCCC2)sc1-c1ccnc(Nc2ccc(N3CCCNCC3)cn2)n1,6.555955204081924,c1cc(-c2cnc(NC3CCCC3)s2)nc(Nc2ccc(N3CCCNCC3)cn2)n1,4-(Thiazol-5-yl)-2-aminopyrimidine
50501579,=,256.0,nM,6.59,256,CHEMBL4089056,AMPDZRFNHCTPTF-UHFFFAOYSA-N,10.1021/acs.jmedchem.6b01670,2017,28156111,Cc1nc(NC2CCCC2)sc1-c1nc(Nc2ccc(cn2)N2CCNCC2)ncc1F,False,1,1,Cc1nc(NC2CCCC2)sc1-c1nc(Nc2ccc(N3CCNCC3)cn2)ncc1F,6.59176003468815,c1cc(-c2cnc(NC3CCCC3)s2)nc(Nc2ccc(N3CCNCC3)cn2)n1,4-(Thiazol-5-yl)-2-aminopyrimidine
50501580,=,417.0,nM,6.38,417,CHEMBL4067844,IMDAAVXNKFRYNY-UHFFFAOYSA-N,10.1021/acs.jmedchem.6b01670,2017,28156111,Cc1nc(NC2CCCC2)sc1-c1nc(Nc2ccc(cn2)N2CCCNCC2)ncc1F,False,1,1,Cc1nc(NC2CCCC2)sc1-c1nc(Nc2ccc(N3CCCNCC3)cn2)ncc1F,6.379863945026242,c1cc(-c2cnc(NC3CCCC3)s2)nc(Nc2ccc(N3CCCNCC3)cn2)n1,4-(Thiazol-5-yl)-2-aminopyrimidine
50501581,=,103.0,nM,6.99,103,CHEMBL4072255,ZFNZZKVYLDBWRD-UHFFFAOYSA-N,10.1021/acs.jmedchem.6b01670,2017,28156111,CN1CCN(CC1)c1ccc(Nc2ncc(F)c(n2)-c2sc(NC3CCCC3)nc2C)nc1,False,1,1,Cc1nc(NC2CCCC2)sc1-c1nc(Nc2ccc(N3CCN(C)CC3)cn2)ncc1F,6.987162775294828,c1cc(-c2cnc(NC3CCCC3)s2)nc(Nc2ccc(N3CCNCC3)cn2)n1,4-(Thiazol-5-yl)-2-aminopyrimidine
50501582,=,349.0,nM,6.46,349,CHEMBL4098475,UVEBMCRIHHZDFG-UHFFFAOYSA-N,10.1021/acs.jmedchem.6b01670,2017,28156111,CCN1CCN(CC1)c1ccc(Nc2ncc(F)c(n2)-c2sc(NC3CCCC3)nc2C)nc1,False,1,1,CCN1CCN(c2ccc(Nc3ncc(F)c(-c4sc(NC5CCCC5)nc4C)n3)nc2)CC1,6.45717457304082,c1cc(-c2cnc(NC3CCCC3)s2)nc(Nc2ccc(N3CCNCC3)cn2)n1,4-(Thiazol-5-yl)-2-aminopyrimidine
50501583,=,228.0,nM,6.64,228,CHEMBL4087343,FQOMMDNBEIZMGZ-UHFFFAOYSA-N,10.1021/acs.jmedchem.6b01670,2017,28156111,CC(=O)N1CCN(CC1)c1ccc(Nc2ncc(F)c(n2)-c2sc(NC3CCCC3)nc2C)nc1,False,1,1,CC(=O)N1CCN(c2ccc(Nc3ncc(F)c(-c4sc(NC5CCCC5)nc4C)n3)nc2)CC1,6.642065152999546,c1cc(-c2cnc(NC3CCCC3)s2)nc(Nc2ccc(N3CCNCC3)cn2)n1,4-(Thiazol-5-yl)-2-aminopyrimidine
50501584,=,104.0,nM,6.98,104,CHEMBL4102865,ULIMVSSEPMLVHV-UHFFFAOYSA-N,10.1021/acs.jmedchem.6b01670,2017,28156111,Cc1nc(NC2CCCC2)sc1-c1nc(Nc2ccc(cn2)N2CCOCC2)ncc1F,False,1,1,Cc1nc(NC2CCCC2)sc1-c1nc(Nc2ccc(N3CCOCC3)cn2)ncc1F,6.982966660701219,c1cc(-c2cnc(NC3CCCC3)s2)nc(Nc2ccc(N3CCOCC3)cn2)n1,4-(Thiazol-5-yl)-2-aminopyrimidine
50501585,=,154.0,nM,6.81,154,CHEMBL4104477,RKKCETDJEOCIOI-UHFFFAOYSA-N,10.1021/acs.jmedchem.6b01670,2017,28156111,FC(F)(F)c1nc(NC2CCCC2)sc1-c1ccnc(Nc2ccc(cn2)N2CCOCC2)n1,False,1,1,FC(F)(F)c1nc(NC2CCCC2)sc1-c1ccnc(Nc2ccc(N3CCOCC3)cn2)n1,6.8124792791635365,c1cc(-c2cnc(NC3CCCC3)s2)nc(Nc2ccc(N3CCOCC3)cn2)n1,4-(Thiazol-5-yl)-2-aminopyrimidine
50501586,=,14.0,nM,7.85,14,CHEMBL4079469,BXSSOAIGLMVYQR-UHFFFAOYSA-N,10.1021/acs.jmedchem.6b01670,2017,28156111,CC(=O)N1CCN(CC1)c1ccc(Nc2nccc(n2)-c2sc(NC3CCCC3)nc2C(F)(F)F)nc1,False,1,1,CC(=O)N1CCN(c2ccc(Nc3nccc(-c4sc(NC5CCCC5)nc4C(F)(F)F)n3)nc2)CC1,7.853871964321762,c1cc(-c2cnc(NC3CCCC3)s2)nc(Nc2ccc(N3CCNCC3)cn2)n1,4-(Thiazol-5-yl)-2-aminopyrimidine
50501587,=,22.0,nM,7.66,22,CHEMBL4066828,LUHGNQLUGTWNCL-UHFFFAOYSA-N,10.1021/acs.jmedchem.6b01670,2017,28156111,CN1CCN(CC1)c1ccc(Nc2nccc(n2)-c2sc(NC3CCCC3)nc2C(F)(F)F)nc1,False,1,1,CN1CCN(c2ccc(Nc3nccc(-c4sc(NC5CCCC5)nc4C(F)(F)F)n3)nc2)CC1,7.657577319177793,c1cc(-c2cnc(NC3CCCC3)s2)nc(Nc2ccc(N3CCNCC3)cn2)n1,4-(Thiazol-5-yl)-2-aminopyrimidine
50501588,=,22.0,nM,7.66,22,CHEMBL4102076,XZQBJKPCLITHDB-UHFFFAOYSA-N,10.1021/acs.jmedchem.6b01670,2017,28156111,FC(F)(F)c1nc(NC2CCCC2)sc1-c1ccnc(Nc2ccc(cn2)N2CCNCC2)n1,False,1,1,FC(F)(F)c1nc(NC2CCCC2)sc1-c1ccnc(Nc2ccc(N3CCNCC3)cn2)n1,7.657577319177793,c1cc(-c2cnc(NC3CCCC3)s2)nc(Nc2ccc(N3CCNCC3)cn2)n1,4-(Thiazol-5-yl)-2-aminopyrimidine
50501589,=,127.0,nM,6.9,127,CHEMBL4100252,MIFCTDCDIAKSQG-UHFFFAOYSA-N,10.1021/acs.jmedchem.6b01670,2017,28156111,CC(C)Nc1nc(C)c(s1)-c1ccnc(Nc2ccc(cn2)N2CCOCC2)n1,False,1,1,Cc1nc(NC(C)C)sc1-c1ccnc(Nc2ccc(N3CCOCC3)cn2)n1,6.896196279044043,c1cc(-c2cncs2)nc(Nc2ccc(N3CCOCC3)cn2)n1,4-(Thiazol-5-yl)-2-aminopyrimidine
50501590,=,200.0,nM,6.7,200,CHEMBL4082236,PTKMSTJCOJHQGV-UHFFFAOYSA-N,10.1021/acs.jmedchem.6b01670,2017,28156111,CC(C)Nc1nc(C)c(s1)-c1ccnc(Nc2ccc(cn2)N2CCN(CC2)C(C)=O)n1,False,1,1,CC(=O)N1CCN(c2ccc(Nc3nccc(-c4sc(NC(C)C)nc4C)n3)nc2)CC1,6.698970004336019,c1cc(-c2cncs2)nc(Nc2ccc(N3CCNCC3)cn2)n1,4-(Thiazol-5-yl)-2-aminopyrimidine
50501591,=,399.0,nM,6.4,399,CHEMBL4088160,USXJKWQIDCWKGZ-UHFFFAOYSA-N,10.1021/acs.jmedchem.6b01670,2017,28156111,CC(C)Nc1nc(C)c(s1)-c1ccnc(Nc2ccc(cn2)N2CCN(C)CC2)n1,False,1,1,Cc1nc(NC(C)C)sc1-c1ccnc(Nc2ccc(N3CCN(C)CC3)cn2)n1,6.399027104313252,c1cc(-c2cncs2)nc(Nc2ccc(N3CCNCC3)cn2)n1,4-(Thiazol-5-yl)-2-aminopyrimidine
50501592,=,800.0,nM,6.1,800,CHEMBL4066878,HBUAOMASWHOWJB-UHFFFAOYSA-N,10.1021/acs.jmedchem.6b01670,2017,28156111,CC(C)Nc1nc(C)c(s1)-c1ccnc(Nc2ccc(cn2)N2CCCNCC2)n1,False,1,1,Cc1nc(NC(C)C)sc1-c1ccnc(Nc2ccc(N3CCCNCC3)cn2)n1,6.096910013008056,c1cc(-c2cncs2)nc(Nc2ccc(N3CCCNCC3)cn2)n1,4-(Thiazol-5-yl)-2-aminopyrimidine
50501593,=,240.0,nM,6.62,240,CHEMBL4095884,QRNHMYCAPGHBKI-UHFFFAOYSA-N,10.1021/acs.jmedchem.6b01670,2017,28156111,CC(C)Nc1nc(C)c(s1)-c1ccnc(Nc2ccc(cn2)N2CCNCC2)n1,False,1,1,Cc1nc(NC(C)C)sc1-c1ccnc(Nc2ccc(N3CCNCC3)cn2)n1,6.619788758288394,c1cc(-c2cncs2)nc(Nc2ccc(N3CCNCC3)cn2)n1,4-(Thiazol-5-yl)-2-aminopyrimidine
50501594,=,1040.0,nM,5.98,1040,CHEMBL4077857,HCDMSNJPLKSFOG-UHFFFAOYSA-N,10.1021/acs.jmedchem.6b01670,2017,28156111,CN(c1nc(C)c(s1)-c1ccnc(Nc2ccc(cn2)N2CCN(C)CC2)n1)c1ccccc1,False,1,1,Cc1nc(N(C)c2ccccc2)sc1-c1ccnc(Nc2ccc(N3CCN(C)CC3)cn2)n1,5.982966660701219,c1ccc(Nc2ncc(-c3ccnc(Nc4ccc(N5CCNCC5)cn4)n3)s2)cc1,4-(Thiazol-5-yl)-2-aminopyrimidine
50501595,=,1150.0,nM,5.94,1150,CHEMBL4081896,LDHMPOHMNQEDFG-UHFFFAOYSA-N,10.1021/acs.jmedchem.6b01670,2017,28156111,CN(C)C1CCN(CC1)c1ccc(Nc2ncc(F)c(n2)-c2sc(NC3CCCC3)nc2C)nc1,False,1,1,Cc1nc(NC2CCCC2)sc1-c1nc(Nc2ccc(N3CCC(N(C)C)CC3)cn2)ncc1F,5.939302159646388,c1cc(-c2cnc(NC3CCCC3)s2)nc(Nc2ccc(N3CCCCC3)cn2)n1,4-(Thiazol-5-yl)-2-aminopyrimidine
50501596,=,348.0,nM,6.46,348,CHEMBL4062527,HDKIHQOXUMCGPU-UHFFFAOYSA-N,10.1021/acs.jmedchem.6b01670,2017,28156111,Cc1nc(NC2CCCC2)sc1-c1nc(Nc2ccc(cn2)N2CCN(CC2)S(C)(=O)=O)ncc1F,False,1,1,Cc1nc(NC2CCCC2)sc1-c1nc(Nc2ccc(N3CCN(S(C)(=O)=O)CC3)cn2)ncc1F,6.458420756053419,c1cc(-c2cnc(NC3CCCC3)s2)nc(Nc2ccc(N3CCNCC3)cn2)n1,4-(Thiazol-5-yl)-2-aminopyrimidine
50501597,=,620.0,nM,6.21,620,CHEMBL4067549,POFVJRKJJBFPII-UHFFFAOYSA-N,10.1021/acs.jmedchem.6b01670,2017,28156111,CCN1CCN(Cc2ccc(Nc3ncc(F)c(n3)-c3sc(NC4CCCC4)nc3C)nc2)CC1,False,1,1,CCN1CCN(Cc2ccc(Nc3ncc(F)c(-c4sc(NC5CCCC5)nc4C)n3)nc2)CC1,6.207608310501746,c1cc(-c2cnc(NC3CCCC3)s2)nc(Nc2ccc(CN3CCNCC3)cn2)n1,4-(Thiazol-5-yl)-2-aminopyrimidine
50501598,=,416.0,nM,6.38,416,CHEMBL4103372,VJFMIBISXQANRG-UHFFFAOYSA-N,10.1021/acs.jmedchem.6b01670,2017,28156111,CCN1CCN(Cc2ccc(Nc3nccc(n3)-c3sc(NC4CCCC4)nc3C)nc2)CC1,False,1,1,CCN1CCN(Cc2ccc(Nc3nccc(-c4sc(NC5CCCC5)nc4C)n3)nc2)CC1,6.380906669373257,c1cc(-c2cnc(NC3CCCC3)s2)nc(Nc2ccc(CN3CCNCC3)cn2)n1,4-(Thiazol-5-yl)-2-aminopyrimidine
50501599,=,15.0,nM,7.82,15,CHEMBL4072388,XLZANAXESDHDPY-UHFFFAOYSA-N,10.1021/acs.jmedchem.6b01670,2017,28156111,FC(F)(F)c1nc(NC2CCCC2)sc1-c1ccnc(Nc2ccc(cn2)N2CCN(CC2)C=O)n1,False,1,1,O=CN1CCN(c2ccc(Nc3nccc(-c4sc(NC5CCCC5)nc4C(F)(F)F)n3)nc2)CC1,7.823908740944319,c1cc(-c2cnc(NC3CCCC3)s2)nc(Nc2ccc(N3CCNCC3)cn2)n1,4-(Thiazol-5-yl)-2-aminopyrimidine
50501601,>,5000.0,nM,5.3,>5000,CHEMBL4085708,UNVBFURIHRAGGO-UHFFFAOYSA-N,10.1021/acs.jmedchem.6b01670,2017,28156111,Cc1nc(Nc2ccccc2)sc1-c1ccnc(Nc2ccc(cn2)N2CCNCC2)n1,True,2,1,Cc1nc(Nc2ccccc2)sc1-c1ccnc(Nc2ccc(N3CCNCC3)cn2)n1,5.301029995663981,c1ccc(Nc2ncc(-c3ccnc(Nc4ccc(N5CCNCC5)cn4)n3)s2)cc1,4-(Thiazol-5-yl)-2-aminopyrimidine
50501602,>,5000.0,nM,5.3,>5000,CHEMBL4065844,DEUZACBXMBZZRF-UHFFFAOYSA-N,10.1021/acs.jmedchem.6b01670,2017,28156111,Cc1nc(sc1-c1ccnc(Nc2ccc(cn2)N2CCNCC2)n1)N(C1CCCC1)C1CCCC1,True,2,1,Cc1nc(N(C2CCCC2)C2CCCC2)sc1-c1ccnc(Nc2ccc(N3CCNCC3)cn2)n1,5.301029995663981,c1cc(-c2cnc(N(C3CCCC3)C3CCCC3)s2)nc(Nc2ccc(N3CCNCC3)cn2)n1,4-(Thiazol-5-yl)-2-aminopyrimidine
50501603,=,121.0,nM,6.92,121,CHEMBL4093456,GYTNVEDSWNLDQV-UHFFFAOYSA-N,10.1021/acs.jmedchem.6b01670,2017,28156111,CN(C1CCCC1)c1nc(C)c(s1)-c1ccnc(Nc2ccc(cn2)N2CCN(CC2)C(C)=O)n1,False,1,1,CC(=O)N1CCN(c2ccc(Nc3nccc(-c4sc(N(C)C5CCCC5)nc4C)n3)nc2)CC1,6.917214629683549,c1cc(-c2cnc(NC3CCCC3)s2)nc(Nc2ccc(N3CCNCC3)cn2)n1,4-(Thiazol-5-yl)-2-aminopyrimidine
50501604,=,476.0,nM,6.32,476,CHEMBL4084985,OHNWSWSUMDWFSA-UHFFFAOYSA-N,10.1021/acs.jmedchem.6b01670,2017,28156111,CN(C1CCCC1)c1nc(C)c(s1)-c1ccnc(Nc2ccc(cn2)N2CCN(C)CC2)n1,False,1,1,Cc1nc(N(C)C2CCCC2)sc1-c1ccnc(Nc2ccc(N3CCN(C)CC3)cn2)n1,6.3223930472795065,c1cc(-c2cnc(NC3CCCC3)s2)nc(Nc2ccc(N3CCNCC3)cn2)n1,4-(Thiazol-5-yl)-2-aminopyrimidine
50501605,=,174.0,nM,6.76,174,CHEMBL4102935,VSTBDMYJXAWENH-UHFFFAOYSA-N,10.1021/acs.jmedchem.6b01670,2017,28156111,CN(C1CCCC1)c1nc(C)c(s1)-c1ccnc(Nc2ccc(cn2)N2CCNCC2)n1,False,1,1,Cc1nc(N(C)C2CCCC2)sc1-c1ccnc(Nc2ccc(N3CCNCC3)cn2)n1,6.7594507517174005,c1cc(-c2cnc(NC3CCCC3)s2)nc(Nc2ccc(N3CCNCC3)cn2)n1,4-(Thiazol-5-yl)-2-aminopyrimidine
50501606,=,77.0,nM,7.11,77,CHEMBL4069886,ZIWFXQFVSGOWAZ-UHFFFAOYSA-N,10.1021/acs.jmedchem.6b01670,2017,28156111,Cc1nc(NC2CCCC2)sc1-c1ccnc(Nc2ccc(cn2)N2CCN(CC2)S(C)(=O)=O)n1,False,1,1,Cc1nc(NC2CCCC2)sc1-c1ccnc(Nc2ccc(N3CCN(S(C)(=O)=O)CC3)cn2)n1,7.113509274827518,c1cc(-c2cnc(NC3CCCC3)s2)nc(Nc2ccc(N3CCNCC3)cn2)n1,4-(Thiazol-5-yl)-2-aminopyrimidine
50501607,>,5000.0,nM,5.3,>5000,CHEMBL4089373,NASHAYHCDKSVRA-UHFFFAOYSA-N,10.1021/acs.jmedchem.6b01670,2017,28156111,Cc1nc(NC2CCCC2)sc1-c1ccnc(Nc2ccc(cn2)N2CCCCC2)n1,True,2,1,Cc1nc(NC2CCCC2)sc1-c1ccnc(Nc2ccc(N3CCCCC3)cn2)n1,5.301029995663981,c1cc(-c2cnc(NC3CCCC3)s2)nc(Nc2ccc(N3CCCCC3)cn2)n1,4-(Thiazol-5-yl)-2-aminopyrimidine
50501608,=,181.0,nM,6.74,181,CHEMBL4061223,SHEPFXMPLORKLW-UHFFFAOYSA-N,10.1021/acs.jmedchem.6b01670,2017,28156111,Cc1nc(NC2CCCC2)sc1-c1ccnc(Nc2ccc(cn2)N2CCC(N)CC2)n1,False,1,1,Cc1nc(NC2CCCC2)sc1-c1ccnc(Nc2ccc(N3CCC(N)CC3)cn2)n1,6.742321425130816,c1cc(-c2cnc(NC3CCCC3)s2)nc(Nc2ccc(N3CCCCC3)cn2)n1,4-(Thiazol-5-yl)-2-aminopyrimidine
50501609,=,4683.0,nM,5.33,4683,CHEMBL4081497,UGKFAPJXEKVBHI-UHFFFAOYSA-N,10.1021/acs.jmedchem.6b01670,2017,28156111,Cc1nc(NC2CCCC2)sc1-c1ccnc(Nc2ccc(cn2)N2CCOCC2)n1,False,1,1,Cc1nc(NC2CCCC2)sc1-c1ccnc(Nc2ccc(N3CCOCC3)cn2)n1,5.329475842217921,c1cc(-c2cnc(NC3CCCC3)s2)nc(Nc2ccc(N3CCOCC3)cn2)n1,4-(Thiazol-5-yl)-2-aminopyrimidine
50501610,=,776.0,nM,6.11,776,CHEMBL4099517,ONRJNVZFOSHIQI-UHFFFAOYSA-N,10.1021/acs.jmedchem.6b01670,2017,28156111,CC(=O)N1CCN(CC1)c1ccc(Nc2nccc(n2)-c2sc(NC3CCCC3)nc2C)nc1,False,1,1,CC(=O)N1CCN(c2ccc(Nc3nccc(-c4sc(NC5CCCC5)nc4C)n3)nc2)CC1,6.110138278741811,c1cc(-c2cnc(NC3CCCC3)s2)nc(Nc2ccc(N3CCNCC3)cn2)n1,4-(Thiazol-5-yl)-2-aminopyrimidine
50501611,=,355.0,nM,6.45,355,CHEMBL4070914,QLTMJJAAHXGJMD-UHFFFAOYSA-N,10.1021/acs.jmedchem.6b01670,2017,28156111,CCN1CCN(CC1)c1ccc(Nc2nccc(n2)-c2sc(NC3CCCC3)nc2C)nc1,False,1,1,CCN1CCN(c2ccc(Nc3nccc(-c4sc(NC5CCCC5)nc4C)n3)nc2)CC1,6.449771646944906,c1cc(-c2cnc(NC3CCCC3)s2)nc(Nc2ccc(N3CCNCC3)cn2)n1,4-(Thiazol-5-yl)-2-aminopyrimidine
50501612,=,206.0,nM,6.69,206,CHEMBL4091780,OIQCBGFNCAFMQX-UHFFFAOYSA-N,10.1021/acs.jmedchem.6b01670,2017,28156111,CN1CCN(CC1)c1ccc(Nc2nccc(n2)-c2sc(NC3CCCC3)nc2C)nc1,False,1,1,Cc1nc(NC2CCCC2)sc1-c1ccnc(Nc2ccc(N3CCN(C)CC3)cn2)n1,6.686132779630847,c1cc(-c2cnc(NC3CCCC3)s2)nc(Nc2ccc(N3CCNCC3)cn2)n1,4-(Thiazol-5-yl)-2-aminopyrimidine
50525155,=,270.0,nM,6.57,270,CHEMBL4561424,ASNDURJGUUDPHG-UHFFFAOYSA-N,10.1021/acsmedchemlett.9b00029,2019,31098000,NS(=O)(=O)c1cccc(Nc2ncc3CCCCc3n2)c1,False,1,1,NS(=O)(=O)c1cccc(Nc2ncc3c(n2)CCCC3)c1,6.568636235841012,c1ccc(Nc2ncc3c(n2)CCCC3)cc1,"5,6,7,8-Tetrahydroquinazoline"
50525156,=,3320.0,nM,5.48,3320,CHEMBL4476248,IPZUHNOYKQXXBS-UHFFFAOYSA-N,10.1021/acsmedchemlett.9b00029,2019,31098000,Cc1cccc(Nc2ncc3CCCCc3n2)c1,False,1,1,Cc1cccc(Nc2ncc3c(n2)CCCC3)c1,5.478861916295964,c1ccc(Nc2ncc3c(n2)CCCC3)cc1,"5,6,7,8-Tetrahydroquinazoline"
50525157,=,1110.0,nM,5.95,1110,CHEMBL4460155,DYNWEDRLLZIBOF-UHFFFAOYSA-N,10.1021/acsmedchemlett.9b00029,2019,31098000,COc1cccc(Nc2ncc3CCCCc3n2)c1,False,1,1,COc1cccc(Nc2ncc3c(n2)CCCC3)c1,5.954677021213342,c1ccc(Nc2ncc3c(n2)CCCC3)cc1,"5,6,7,8-Tetrahydroquinazoline"
50525158,>,5000.0,nM,5.3,>5000,CHEMBL4515564,BEUXLHXNNKSHIB-UHFFFAOYSA-N,10.1021/acsmedchemlett.9b00029,2019,31098000,CCc1cccc(Nc2ncc3CCCCc3n2)c1,True,2,1,CCc1cccc(Nc2ncc3c(n2)CCCC3)c1,5.301029995663981,c1ccc(Nc2ncc3c(n2)CCCC3)cc1,"5,6,7,8-Tetrahydroquinazoline"
50525159,=,1100.0,nM,5.96,1100,CHEMBL4471293,IDELUCHFZTYRPZ-UHFFFAOYSA-N,10.1021/acsmedchemlett.9b00029,2019,31098000,[O-][N+](=O)c1cccc(Nc2ncc3CCCCc3n2)c1,False,1,1,O=[N+]([O-])c1cccc(Nc2ncc3c(n2)CCCC3)c1,5.958607314841775,c1ccc(Nc2ncc3c(n2)CCCC3)cc1,"5,6,7,8-Tetrahydroquinazoline"
50525160,=,4120.0,nM,5.39,4120,CHEMBL4522230,GXNCJJUXJCUZSD-UHFFFAOYSA-N,10.1021/acsmedchemlett.9b00029,2019,31098000,Cc1ccccc1Nc1ncc2CCCCc2n1,False,1,1,Cc1ccccc1Nc1ncc2c(n1)CCCC2,5.3851027839668655,c1ccc(Nc2ncc3c(n2)CCCC3)cc1,"5,6,7,8-Tetrahydroquinazoline"
50525161,=,4540.0,nM,5.34,4540,CHEMBL4557901,DQBAQLBXYGRJMA-UHFFFAOYSA-N,10.1021/acsmedchemlett.9b00029,2019,31098000,Cc1ccc(Nc2ncc3CCCCc3n2)cc1,False,1,1,Cc1ccc(Nc2ncc3c(n2)CCCC3)cc1,5.342944147142896,c1ccc(Nc2ncc3c(n2)CCCC3)cc1,"5,6,7,8-Tetrahydroquinazoline"
50567652,=,25.0,nM,7.6,25,CHEMBL4878693,,10.1016/j.ejmech.2021.113389,2021,33784602,COc1ccc(cc1)C(=O)C=CNc1cc(nn1-c1ccccc1)-c1ccccc1,False,1,1,COc1ccc(C(=O)C=CNc2cc(-c3ccccc3)nn2-c2ccccc2)cc1,7.602059991327962,O=C(C=CNc1cc(-c2ccccc2)nn1-c1ccccc1)c1ccccc1,3-Aminopyrazole
50567655,=,25.0,nM,7.6,25,CHEMBL4873710,,10.1016/j.ejmech.2021.113389,2021,33784602,Fc1ccc(cc1)-c1ccnc2n(nc(-c3ccccc3)c12)-c1ccccc1,False,1,1,Fc1ccc(-c2ccnc3c2c(-c2ccccc2)nn3-c2ccccc2)cc1,7.602059991327962,c1ccc(-c2ccnc3c2c(-c2ccccc2)nn3-c2ccccc2)cc1,"Pyrazolo[3,4-b]pyridine"
50567665,=,131.0,nM,6.88,131,CHEMBL4855877,,10.1016/j.ejmech.2021.113389,2021,33784602,COc1ccc(cc1)-c1nc2n(nc(-c3ccccc3)c2c(-c2ccc(cc2)N2CCOCC2)c1C#N)-c1ccccc1,False,1,1,COc1ccc(-c2nc3c(c(-c4ccccc4)nn3-c3ccccc3)c(-c3ccc(N4CCOCC4)cc3)c2C#N)cc1,6.882728704344236,c1ccc(-c2cc(-c3ccc(N4CCOCC4)cc3)c3c(-c4ccccc4)nn(-c4ccccc4)c3n2)cc1,"Pyrazolo[3,4-b]pyridine"
50567666,=,40.0,nM,7.4,40,CHEMBL4850615,,10.1016/j.ejmech.2021.113389,2021,33784602,COc1ccc(cc1)-c1nc2n(nc(-c3ccccc3)c2c(-c2ccc(cc2)N2CCN(C)CC2)c1C#N)-c1ccccc1,False,1,1,COc1ccc(-c2nc3c(c(-c4ccccc4)nn3-c3ccccc3)c(-c3ccc(N4CCN(C)CC4)cc3)c2C#N)cc1,7.397940008672037,c1ccc(-c2cc(-c3ccc(N4CCNCC4)cc3)c3c(-c4ccccc4)nn(-c4ccccc4)c3n2)cc1,"Pyrazolo[3,4-b]pyridine"
50570294,=,107.0,nM,6.97,107,CHEMBL4855334,,10.1016/j.ejmech.2021.113244,2021,33581551,CNc1nc(C)c(s1)-c1nc(Nc2cccc(c2)N2CCN(C)CC2)ncc1Cl,False,1,1,CNc1nc(C)c(-c2nc(Nc3cccc(N4CCN(C)CC4)c3)ncc2Cl)s1,6.97061622231479,c1cc(Nc2nccc(-c3cncs3)n2)cc(N2CCNCC2)c1,4-(Thiazol-5-yl)-2-aminopyrimidine
50570295,=,22.0,nM,7.66,22,CHEMBL4854124,,10.1016/j.ejmech.2021.113244,2021,33581551,CNc1nc(C)c(s1)-c1nc(Nc2cccc(c2)N2CCOCC2)ncc1Cl,False,1,1,CNc1nc(C)c(-c2nc(Nc3cccc(N4CCOCC4)c3)ncc2Cl)s1,7.657577319177793,c1cc(Nc2nccc(-c3cncs3)n2)cc(N2CCOCC2)c1,4-(Thiazol-5-yl)-2-aminopyrimidine
50570296,=,444.0,nM,6.35,444,CHEMBL4863124,,10.1016/j.ejmech.2021.113244,2021,33581551,CNc1nc(C)c(s1)-c1nc(Nc2cccc(c2)N2CCOCC2)ncc1C,False,1,1,CNc1nc(C)c(-c2nc(Nc3cccc(N4CCOCC4)c3)ncc2C)s1,6.35261702988538,c1cc(Nc2nccc(-c3cncs3)n2)cc(N2CCOCC2)c1,4-(Thiazol-5-yl)-2-aminopyrimidine
50570297,=,794.0,nM,6.1,794,CHEMBL4847674,,10.1016/j.ejmech.2021.113244,2021,33581551,CNc1nc(C)c(s1)-c1nc(Nc2cccc(c2)N2CCN(CC2)C(C)=O)ncc1C,False,1,1,CNc1nc(C)c(-c2nc(Nc3cccc(N4CCN(C(C)=O)CC4)c3)ncc2C)s1,6.100179497572904,c1cc(Nc2nccc(-c3cncs3)n2)cc(N2CCNCC2)c1,4-(Thiazol-5-yl)-2-aminopyrimidine
50570298,=,87.0,nM,7.06,87,CHEMBL4875788,,10.1016/j.ejmech.2021.113244,2021,33581551,CC(=O)N1CCN(CC1)c1cccc(Nc2ncc3CCc4nc(N)sc4-c3n2)c1,False,1,1,CC(=O)N1CCN(c2cccc(Nc3ncc4c(n3)-c3sc(N)nc3CC4)c2)CC1,7.060480747381382,c1cc(Nc2ncc3c(n2)-c2scnc2CC3)cc(N2CCNCC2)c1,4-(Thiazol-5-yl)-2-aminopyrimidine
50570299,=,711.0,nM,6.15,711,CHEMBL4879020,,10.1016/j.ejmech.2021.113244,2021,33581551,CNc1nc(C)c(s1)-c1nc(Nc2cccc(c2)N2CCNCC2)ncc1C,False,1,1,CNc1nc(C)c(-c2nc(Nc3cccc(N4CCNCC4)c3)ncc2C)s1,6.148130399270234,c1cc(Nc2nccc(-c3cncs3)n2)cc(N2CCNCC2)c1,4-(Thiazol-5-yl)-2-aminopyrimidine
50570300,=,586.0,nM,6.23,586,CHEMBL4849252,,10.1016/j.ejmech.2021.113244,2021,33581551,CNc1nc(C)c(s1)-c1nc(Nc2cccc(c2)N2CCN(C)CC2)ncc1C,False,1,1,CNc1nc(C)c(-c2nc(Nc3cccc(N4CCN(C)CC4)c3)ncc2C)s1,6.232102383981909,c1cc(Nc2nccc(-c3cncs3)n2)cc(N2CCNCC2)c1,4-(Thiazol-5-yl)-2-aminopyrimidine
50570301,=,87.0,nM,7.06,87,CHEMBL4868287,,10.1016/j.ejmech.2021.113244,2021,33581551,CNc1nc(C)c(s1)-c1nc(Nc2cccc(c2)N2CCN(CC2)S(C)(=O)=O)ncc1C,False,1,1,CNc1nc(C)c(-c2nc(Nc3cccc(N4CCN(S(C)(=O)=O)CC4)c3)ncc2C)s1,7.060480747381382,c1cc(Nc2nccc(-c3cncs3)n2)cc(N2CCNCC2)c1,4-(Thiazol-5-yl)-2-aminopyrimidine
50570302,=,1244.0,nM,5.91,1244,CHEMBL4853628,,10.1016/j.ejmech.2021.113244,2021,33581551,CNc1nc(C)c(s1)-c1nc(Nc2cccc(c2)N2CCCNCC2)ncc1C,False,1,1,CNc1nc(C)c(-c2nc(Nc3cccc(N4CCCNCC4)c3)ncc2C)s1,5.9051796196452,c1cc(Nc2nccc(-c3cncs3)n2)cc(N2CCCNCC2)c1,4-(Thiazol-5-yl)-2-aminopyrimidine
50570303,=,525.0,nM,6.28,525,CHEMBL4864728,,10.1016/j.ejmech.2021.113244,2021,33581551,CNc1nc(C)c(s1)-c1nc(Nc2cccc(c2)N2CCNC(=O)CC2)ncc1C,False,1,1,CNc1nc(C)c(-c2nc(Nc3cccc(N4CCNC(=O)CC4)c3)ncc2C)s1,6.279840696594043,O=C1CCN(c2cccc(Nc3nccc(-c4cncs4)n3)c2)CCN1,4-(Thiazol-5-yl)-2-aminopyrimidine
50570304,=,1248.0,nM,5.9,1248,CHEMBL4860925,,10.1016/j.ejmech.2021.113244,2021,33581551,CNc1nc(C)c(-c2nc(Nc3cccc(N4CCN5CCC4CC5)c3)ncc2C)s1,False,1,1,CNc1nc(C)c(-c2nc(Nc3cccc(N4CCN5CCC4CC5)c3)ncc2C)s1,5.903785414653594,c1cc(Nc2nccc(-c3cncs3)n2)cc(N2CCN3CCC2CC3)c1,4-(Thiazol-5-yl)-2-aminopyrimidine
50570305,=,1223.0,nM,5.91,1223,CHEMBL4876374,,10.1016/j.ejmech.2021.113244,2021,33581551,CNc1nc(C)c(s1)-c1nc(Nc2cccc(c2)N2CCN(CC2)C(C)=O)ncc1C(F)(F)F,False,1,1,CNc1nc(C)c(-c2nc(Nc3cccc(N4CCN(C(C)=O)CC4)c3)ncc2C(F)(F)F)s1,5.912573542963715,c1cc(Nc2nccc(-c3cncs3)n2)cc(N2CCNCC2)c1,4-(Thiazol-5-yl)-2-aminopyrimidine
50570306,=,1934.0,nM,5.71,1934,CHEMBL4873661,,10.1016/j.ejmech.2021.113244,2021,33581551,CNc1nc(C)c(s1)-c1nc(Nc2cccc(c2)N2CCNCC2)ncc1C(F)(F)F,False,1,1,CNc1nc(C)c(-c2nc(Nc3cccc(N4CCNCC4)c3)ncc2C(F)(F)F)s1,5.713543530253017,c1cc(Nc2nccc(-c3cncs3)n2)cc(N2CCNCC2)c1,4-(Thiazol-5-yl)-2-aminopyrimidine
50570307,=,504.0,nM,6.3,504,CHEMBL4852571,,10.1016/j.ejmech.2021.113244,2021,33581551,CNc1nc(C)c(s1)-c1nc(Nc2cccc(c2)N2CCOCC2)ncc1C=C,False,1,1,C=Cc1cnc(Nc2cccc(N3CCOCC3)c2)nc1-c1sc(NC)nc1C,6.297569463554474,c1cc(Nc2nccc(-c3cncs3)n2)cc(N2CCOCC2)c1,4-(Thiazol-5-yl)-2-aminopyrimidine
50570308,=,125.0,nM,6.9,125,CHEMBL4863865,,10.1016/j.ejmech.2021.113244,2021,33581551,CNc1nc(C)c(s1)-c1nc(Nc2cccc(c2)N2CCN(CC2)C(C)=O)ncc1Br,False,1,1,CNc1nc(C)c(-c2nc(Nc3cccc(N4CCN(C(C)=O)CC4)c3)ncc2Br)s1,6.903089986991944,c1cc(Nc2nccc(-c3cncs3)n2)cc(N2CCNCC2)c1,4-(Thiazol-5-yl)-2-aminopyrimidine
50570309,=,14.0,nM,7.85,14,CHEMBL4868954,,10.1016/j.ejmech.2021.113244,2021,33581551,CNc1nc(c(s1)-c1ccnc(Nc2cccc(c2)N2CCCNCC2)n1)C(F)(F)F,False,1,1,CNc1nc(C(F)(F)F)c(-c2ccnc(Nc3cccc(N4CCCNCC4)c3)n2)s1,7.853871964321762,c1cc(Nc2nccc(-c3cncs3)n2)cc(N2CCCNCC2)c1,4-(Thiazol-5-yl)-2-aminopyrimidine
50570310,=,22.0,nM,7.66,22,CHEMBL4876861,,10.1016/j.ejmech.2021.113244,2021,33581551,CNc1ncc(s1)-c1ccnc(Nc2cccc(c2)N2CCCNCC2)n1,False,1,1,CNc1ncc(-c2ccnc(Nc3cccc(N4CCCNCC4)c3)n2)s1,7.657577319177793,c1cc(Nc2nccc(-c3cncs3)n2)cc(N2CCCNCC2)c1,4-(Thiazol-5-yl)-2-aminopyrimidine
50570311,=,128.0,nM,6.89,128,CHEMBL4867016,,10.1016/j.ejmech.2021.113244,2021,33581551,CNc1nc(C2CC2)c(s1)-c1ccnc(Nc2cccc(c2)C(=O)NC2CCN(C)CC2)n1,False,1,1,CNc1nc(C2CC2)c(-c2ccnc(Nc3cccc(C(=O)NC4CCN(C)CC4)c3)n2)s1,6.892790030352131,O=C(NC1CCNCC1)c1cccc(Nc2nccc(-c3scnc3C3CC3)n2)c1,4-(Thiazol-5-yl)-2-aminopyrimidine
50570312,=,680.0,nM,6.17,680,CHEMBL4851014,,10.1016/j.ejmech.2021.113244,2021,33581551,CNc1nc(C(C)C)c(s1)-c1ccnc(Nc2cccc(c2)N2CCN(CC2)C(C)=O)n1,False,1,1,CNc1nc(C(C)C)c(-c2ccnc(Nc3cccc(N4CCN(C(C)=O)CC4)c3)n2)s1,6.167491087293763,c1cc(Nc2nccc(-c3cncs3)n2)cc(N2CCNCC2)c1,4-(Thiazol-5-yl)-2-aminopyrimidine
50570313,=,281.0,nM,6.55,281,CHEMBL4868705,,10.1016/j.ejmech.2021.113244,2021,33581551,CNc1nc(C)c(s1)-c1ccnc(Nc2cccc(c2)N2CCN(CC2)C(C)=O)n1,False,1,1,CNc1nc(C)c(-c2ccnc(Nc3cccc(N4CCN(C(C)=O)CC4)c3)n2)s1,6.55129368009492,c1cc(Nc2nccc(-c3cncs3)n2)cc(N2CCNCC2)c1,4-(Thiazol-5-yl)-2-aminopyrimidine
50570314,=,44.0,nM,7.36,44,CHEMBL4847048,,10.1016/j.ejmech.2021.113244,2021,33581551,CNc1nc(C)c(s1)-c1nc(Nc2cccc(c2)N2CCCCCC2)ncc1C#N,False,1,1,CNc1nc(C)c(-c2nc(Nc3cccc(N4CCCCCC4)c3)ncc2C#N)s1,7.356547323513812,c1cc(Nc2nccc(-c3cncs3)n2)cc(N2CCCCCC2)c1,4-(Thiazol-5-yl)-2-aminopyrimidine
50570315,=,52.0,nM,7.28,52,CHEMBL4845688,,10.1016/j.ejmech.2021.113244,2021,33581551,CNc1nc(C)c(s1)-c1nc(Nc2cc(C)cc(c2)N2CCCCCC2)ncc1C#N,False,1,1,CNc1nc(C)c(-c2nc(Nc3cc(C)cc(N4CCCCCC4)c3)ncc2C#N)s1,7.2839966563652,c1cc(Nc2nccc(-c3cncs3)n2)cc(N2CCCCCC2)c1,4-(Thiazol-5-yl)-2-aminopyrimidine
50570316,=,45.0,nM,7.35,45,CHEMBL4864851,,10.1016/j.ejmech.2021.113244,2021,33581551,CNc1nc(C)c(s1)-c1nc(Nc2cc(C)cc(c2)N2CCNCC2)ncc1C#N,False,1,1,CNc1nc(C)c(-c2nc(Nc3cc(C)cc(N4CCNCC4)c3)ncc2C#N)s1,7.346787486224656,c1cc(Nc2nccc(-c3cncs3)n2)cc(N2CCNCC2)c1,4-(Thiazol-5-yl)-2-aminopyrimidine
50570317,=,16.0,nM,7.8,16,CHEMBL4863915,,10.1016/j.ejmech.2021.113244,2021,33581551,CNc1nc(C)c(s1)-c1nc(Nc2cc(C)cc(c2)N2CCOCC2)ncc1C#N,False,1,1,CNc1nc(C)c(-c2nc(Nc3cc(C)cc(N4CCOCC4)c3)ncc2C#N)s1,7.795880017344075,c1cc(Nc2nccc(-c3cncs3)n2)cc(N2CCOCC2)c1,4-(Thiazol-5-yl)-2-aminopyrimidine
50570318,=,831.0,nM,6.08,831,CHEMBL4856525,,10.1016/j.ejmech.2021.113244,2021,33581551,CNc1nc(C)c(s1)-c1ccnc(Nc2cc(cc(c2)N2CCOCC2)N2CCOCC2)n1,False,1,1,CNc1nc(C)c(-c2ccnc(Nc3cc(N4CCOCC4)cc(N4CCOCC4)c3)n2)s1,6.080398976215889,c1cc(-c2cncs2)nc(Nc2cc(N3CCOCC3)cc(N3CCOCC3)c2)n1,4-(Thiazol-5-yl)-2-aminopyrimidine
50570319,=,2074.0,nM,5.68,2074,CHEMBL4871982,,10.1016/j.ejmech.2021.113244,2021,33581551,CNc1nc(C)c(s1)-c1ccnc(Nc2cc(cc(c2)N2CCN(CC2)C(C)=O)N2CCN(CC2)C(C)=O)n1,False,1,1,CNc1nc(C)c(-c2ccnc(Nc3cc(N4CCN(C(C)=O)CC4)cc(N4CCN(C(C)=O)CC4)c3)n2)s1,5.6831912479469775,c1cc(-c2cncs2)nc(Nc2cc(N3CCNCC3)cc(N3CCNCC3)c2)n1,4-(Thiazol-5-yl)-2-aminopyrimidine
50570320,=,55.0,nM,7.26,55,CHEMBL4863852,,10.1016/j.ejmech.2021.113244,2021,33581551,CNc1nc(C)c(s1)-c1nc(Nc2cc(cc(c2)N2CCOCC2)N2CCOCC2)ncc1C#N,False,1,1,CNc1nc(C)c(-c2nc(Nc3cc(N4CCOCC4)cc(N4CCOCC4)c3)ncc2C#N)s1,7.259637310505756,c1cc(-c2cncs2)nc(Nc2cc(N3CCOCC3)cc(N3CCOCC3)c2)n1,4-(Thiazol-5-yl)-2-aminopyrimidine
50570321,=,248.0,nM,6.61,248,CHEMBL4851366,,10.1016/j.ejmech.2021.113244,2021,33581551,CNc1nc(C)c(s1)-c1nc(Nc2cc(cc(c2)N2CCN(CC2)C(C)=O)N2CCN(CC2)C(C)=O)ncc1C#N,False,1,1,CNc1nc(C)c(-c2nc(Nc3cc(N4CCN(C(C)=O)CC4)cc(N4CCN(C(C)=O)CC4)c3)ncc2C#N)s1,6.605548319173783,c1cc(-c2cncs2)nc(Nc2cc(N3CCNCC3)cc(N3CCNCC3)c2)n1,4-(Thiazol-5-yl)-2-aminopyrimidine
50570322,=,1369.0,nM,5.86,1369,CHEMBL4850846,,10.1016/j.ejmech.2021.113244,2021,33581551,CNc1nc(C)c(s1)-c1nc(Nc2cc(cc(c2)N2CCN(CC2)C(C)=O)N2CCN(CC2)C(C)=O)ncc1C,False,1,1,CNc1nc(C)c(-c2nc(Nc3cc(N4CCN(C(C)=O)CC4)cc(N4CCN(C(C)=O)CC4)c3)ncc2C)s1,5.86359655186601,c1cc(-c2cncs2)nc(Nc2cc(N3CCNCC3)cc(N3CCNCC3)c2)n1,4-(Thiazol-5-yl)-2-aminopyrimidine
