Core,R1,R2,R3,pKi,name
c1nc([*:2])nc2c([*:1])nc([*:3])cc12,C1CCN([*:1])C1,COc1cc(-c2cnn(C)c2)ccc1N[*:2],[H][*:3],5.847711655616944,"US9409907, 37"
c1nc([*:2])nc2c([*:1])nc([*:3])cc12,CC(C)(C)CN[*:1],COc1cc(-c2cn(C)nc2C)ccc1N[*:2],[H][*:3],5.853871964321762,"US9409907, 48"
c1nc([*:2])nc2c([*:1])nc([*:3])cc12,CC(C)(C)CN[*:1],COc1cc(-c2cnn(C)c2C)ccc1N[*:2],[H][*:3],5.823908740944319,"US9409907, 49"
c1nc([*:2])nc2c([*:1])nc([*:3])cc12,CC(C)(C)CN[*:1],COc1cc(-c2cnc(C)n2C)ccc1N[*:2],[H][*:3],7.366531544420414,"US9409907, 50"
c1nc([*:2])nc2c([*:1])nc([*:3])cc12,C1CCC(N[*:1])CC1,COc1cc(-c2cnn(C)c2)ccc1N[*:2],[H][*:3],7.0,"US9409907, 55"
c1nc([*:2])nc2c([*:1])nc([*:3])cc12,C1CC1CN[*:1],COc1cc(-c2cnn(C)c2)ccc1N[*:2],[H][*:3],6.267606240177031,"US9409907, 58"
c1nc([*:2])nc2c([*:1])nc([*:3])cc12,CC(C)CN[*:1],COc1cc(-c2cnn(C)c2)ccc1N[*:2],[H][*:3],6.366531544420413,"US9409907, 65"
c1nc([*:2])nc2c([*:1])nc([*:3])cc12,CC(C)(C)CN[*:1],COc1cc(-c2cnn(C)c2)ccc1N[*:2],[H][*:3],6.638272163982407,"US9409907, 68"
c1nc([*:2])nc2c([*:1])nc([*:3])cc12,C[C@@H](N[*:1])C(C)(C)C,COc1cc(-c2cnn(C)c2)ccc1N[*:2],[H][*:3],6.619788758288394,"US9409907, 76"
c1nc([*:2])nc2c([*:1])nc([*:3])cc12,C[C@H](N[*:1])C(C)(C)C,COc1cc(-c2cnn(C)c2)ccc1N[*:2],[H][*:3],6.552841968657781,"US9409907, 77"
c1nc([*:2])nc2c([*:1])nc([*:3])cc12,CC(C)(C)CN[*:1],COc1cc(-c2nncn2C)ccc1N[*:2],[H][*:3],8.096910013008056,"US9409907, 175"
c1nc([*:2])nc2c([*:1])nc([*:3])cc12,CC(C)(C)CN[*:1],COc1cc(-c2cnc(C)n2C)ccc1N[*:2],C[*:3],6.142667503568731,"US9409907, 177"
c1nc([*:2])nc2c([*:1])nc([*:3])cc12,CC(C)(C)CN[*:1],COc1cc(-c2nncn2C)ccc1N[*:2],C[*:3],7.187086643357144,"US9409907, 179"
c1nc([*:2])nc2c([*:1])nc([*:3])cc12,CC(C)(C)CN[*:1],CCOc1cc(-c2nncn2C)ccc1N[*:2],C[*:3],6.292429823902063,"US9409907, 182"
c1nc([*:2])nc2c([*:1])nc([*:3])cc12,CC1(C#N)CN([*:1])C1,CCOc1cc(-c2nncn2C)ccc1N[*:2],C[*:3],5.853871964321762,"1-(2-((2-ethoxy-4-(4-methyl-4H-1,2,4-triazol-3-yl)phenyl)amino)-6-methylpyrido[3,4-d]pyrimidin-8-yl)-3-methylazetidine-3-carbonitrile"
c1nc([*:2])nc2c([*:1])nc([*:3])cc12,C1CC2(CCO1)CN([*:1])C2,CCOc1cc(-c2nncn2C)ccc1N[*:2],C[*:3],5.886056647693163,"N-(2-ethoxy-4-(4-methyl-4H-1,2,4-triazol-3-yl)phenyl)-6-methyl-8-(7-oxa-2-azaspiro[3.5]nonan-2-yl)pyrido[3,4-d]pyrimidin-2-amine"
c1nc([*:2])nc2c([*:1])nc([*:3])cc12,CC(C)(C)CN[*:1],CCOc1cc(-c2nnc(C)n2C)ccc1N[*:2],C[*:3],6.327902142064282,"N2-(4-(4,5-dimethyl-4H-1,2,4-triazol-3-yl)-2-ethoxyphenyl)-6-methyl-N8-neopentylpyrido[3,4-d]pyrimidine-2,8-diamine"
c1nc([*:2])nc2c([*:1])nc([*:3])cc12,CC1(C)CCN1[*:1],CCOc1cc(-c2nncn2C)ccc1N[*:2],C[*:3],4.886056647693163,"US10399974, Example 42"
c1nc([*:2])nc2c([*:1])nc([*:3])cc12,C[C@H](N[*:1])C(C)(C)C,CCOc1cc(-c2nncn2C)ccc1N[*:2],C[*:3],7.113509274827518,"US10399974, Example 54"
c1nc([*:2])nc2c([*:1])nc([*:3])cc12,C1CCN([*:1])C1,CCOc1cc(-c2nncn2C)ccc1N[*:2],C[*:3],6.259637310505756,"US10399974, Example 56"
c1nc([*:2])nc2c([*:1])nc([*:3])cc12,CC(C)(C)CN[*:1],CCOc1cc(-c2nnc(CCN(C)C)n2C)ccc1N[*:2],C[*:3],6.7447274948966935,CHEMBL4240502
c1nc([*:2])nc2c([*:1])nc([*:3])cc12,CC(C)(C)CN[*:1],CCOc1cc(-c2nnc3n2CCC3)ccc1N[*:2],C[*:3],5.301029995663981,CHEMBL4250961
c1nc([*:2])nc2c([*:1])nc([*:3])cc12,CC1(C)CN([*:1])C1,CCOc1cc(-c2nncn2C)ccc1N[*:2],C[*:3],6.09151498112135,CHEMBL4245639
c1nc([*:2])nc2c([*:1])nc([*:3])cc12,CC(C)(C)CN[*:1],COc1cc(-c2nnc3n2CCC3)ccc1N[*:2],C[*:3],6.886056647693163,CHEMBL4251352
